region_code,order_date,daily_revenue,running_total
CENTRAL,2024-07-06,4730.68,4730.68
CENTRAL,2024-07-18,6233.16,10963.84
CENTRAL,2024-07-31,4788.61,15752.45
CENTRAL,2024-08-01,5911.82,21664.28
CENTRAL,2024-08-19,4584.03,26248.3
CENTRAL,2024-08-23,3407.96,29656.26
CENTRAL,2024-08-28,13489.15,43145.42
CENTRAL,2024-09-04,3665.73,46811.15
CENTRAL,2024-09-09,442.06,47253.21
CENTRAL,2024-09-18,1945.41,49198.62
CENTRAL,2024-09-20,6266.47,55465.09
CENTRAL,2024-09-28,3880.25,59345.33
CENTRAL,2024-10-06,3910.1,63255.44
CENTRAL,2024-10-09,5219.99,68475.43
CENTRAL,2024-10-14,8563.46,77038.89
CENTRAL,2024-11-01,9197.97,86236.86
CENTRAL,2024-11-04,12916.65,99153.51
CENTRAL,2024-11-18,4057.62,103211.13
CENTRAL,2024-11-21,1489.87,104701.01
CENTRAL,2024-11-25,2353.62,107054.63
CENTRAL,2024-11-26,7890.33,114944.96
CENTRAL,2024-12-01,8547.09,123492.04
CENTRAL,2024-12-02,5088.94,128580.99
CENTRAL,2024-12-06,996.87,129577.85
CENTRAL,2024-12-11,5504.13,135081.98
CENTRAL,2024-12-13,8122.97,143204.95
CENTRAL,2024-12-24,12950.0,156154.95
CENTRAL,2024-12-31,225.65,156380.6
CENTRAL,2025-01-01,2455.36,158835.96
CENTRAL,2025-01-05,3748.46,162584.42
CENTRAL,2025-01-10,-729.2,161855.22
CENTRAL,2025-01-15,7806.63,169661.85
CENTRAL,2025-01-28,6645.01,176306.86
CENTRAL,2025-02-07,3702.75,180009.6
CENTRAL,2025-02-16,15861.02,195870.62
CENTRAL,2025-02-19,2849.12,198719.74
CENTRAL,2025-02-26,5839.01,204558.75
CENTRAL,2025-02-27,5523.6,210082.35
CENTRAL,2025-03-02,590.03,210672.38
CENTRAL,2025-03-04,3959.85,214632.23
CENTRAL,2025-03-06,6991.89,221624.12
CENTRAL,2025-03-07,10093.52,231717.64
CENTRAL,2025-03-10,2591.07,234308.72
CENTRAL,2025-03-13,5440.45,239749.16
CENTRAL,2025-03-15,1989.41,241738.58
CENTRAL,2025-03-23,1209.72,242948.3
CENTRAL,2025-04-05,9854.24,252802.54
CENTRAL,2025-04-13,4750.75,257553.29
CENTRAL,2025-04-15,3642.61,261195.9
CENTRAL,2025-04-16,2001.98,263197.88
CENTRAL,2025-04-22,4624.77,267822.65
CENTRAL,2025-05-04,10464.21,278286.86
CENTRAL,2025-05-07,3338.87,281625.73
CENTRAL,2025-05-08,2646.82,284272.55
CENTRAL,2025-05-09,8221.05,292493.59
CENTRAL,2025-05-10,1863.36,294356.95
CENTRAL,2025-05-13,3379.76,297736.71
CENTRAL,2025-05-18,2108.76,299845.47
CENTRAL,2025-05-20,11485.8,311331.27
CENTRAL,2025-05-21,3748.79,315080.06
CENTRAL,2025-05-22,5626.35,320706.41
CENTRAL,2025-05-29,6193.87,326900.28
CENTRAL,2025-05-31,935.66,327835.94
CENTRAL,2025-06-01,3714.68,331550.62
CENTRAL,2025-06-02,8879.58,340430.2
CENTRAL,2025-06-03,5439.64,345869.84
CENTRAL,2025-06-05,8307.35,354177.2
CENTRAL,2025-06-07,7090.81,361268.01
CENTRAL,2025-06-12,841.56,362109.57
CENTRAL,2025-06-15,4881.41,366990.98
CENTRAL,2025-06-17,1014.4,368005.39
CENTRAL,2025-06-18,1453.28,369458.66
CENTRAL,2025-06-19,2280.2,371738.86
CENTRAL,2025-06-22,4262.28,376001.15
CENTRAL,2025-06-23,2216.01,378217.16
CENTRAL,2025-06-26,5741.78,383958.93
CENTRAL,2025-06-28,3089.83,387048.76
CENTRAL,2025-06-30,4411.11,391459.87
CENTRAL,2025-07-05,3973.21,395433.08
CENTRAL,2025-07-08,5190.54,400623.62
CENTRAL,2025-07-10,2163.3,402786.92
CENTRAL,2025-07-13,960.17,403747.09
CENTRAL,2025-07-16,7435.9,411182.99
CENTRAL,2025-07-19,6794.26,417977.26
CENTRAL,2025-07-20,5985.75,423963.0
CENTRAL,2025-07-23,5779.68,429742.68
CENTRAL,2025-07-29,9775.24,439517.92
CENTRAL,2025-07-30,2213.88,441731.8
CENTRAL,2025-08-01,135.42,441867.23
CENTRAL,2025-08-03,5235.06,447102.28
CENTRAL,2025-08-08,2231.7,449333.98
CENTRAL,2025-08-10,862.42,450196.4
CENTRAL,2025-08-11,3380.53,453576.93
CENTRAL,2025-08-16,3563.22,457140.15
CENTRAL,2025-08-21,6211.9,463352.05
CENTRAL,2025-08-22,1079.72,464431.77
CENTRAL,2025-08-23,3537.86,467969.63
CENTRAL,2025-08-25,1343.16,469312.79
CENTRAL,2025-08-27,1798.28,471111.07
CENTRAL,2025-08-28,1742.98,472854.06
CENTRAL,2025-08-30,1174.78,474028.84
CENTRAL,2025-09-01,3789.32,477818.16
CENTRAL,2025-09-02,3771.49,481589.66
CENTRAL,2025-09-03,1365.97,482955.63
CENTRAL,2025-09-04,5267.51,488223.14
CENTRAL,2025-09-06,3531.95,491755.09
CENTRAL,2025-09-07,8152.69,499907.78
CENTRAL,2025-09-08,2031.5,501939.27
CENTRAL,2025-09-09,3581.28,505520.55
CENTRAL,2025-09-11,5083.54,510604.09
CENTRAL,2025-09-15,-605.35,509998.73
CENTRAL,2025-09-17,6803.04,516801.78
CENTRAL,2025-09-19,7306.98,524108.76
CENTRAL,2025-09-21,5018.25,529127.01
CENTRAL,2025-09-24,7172.39,536299.4
CENTRAL,2025-09-27,3904.29,540203.69
CENTRAL,2025-09-28,2242.59,542446.28
CENTRAL,2025-09-29,6414.32,548860.6
CENTRAL,2025-10-02,291.34,549151.94
CENTRAL,2025-10-04,6473.01,555624.95
CENTRAL,2025-10-06,10941.84,566566.79
CENTRAL,2025-10-08,6737.51,573304.3
CENTRAL,2025-10-11,2724.96,576029.27
CENTRAL,2025-10-12,4327.44,580356.7
CENTRAL,2025-10-15,5015.24,585371.94
CENTRAL,2025-10-16,5897.08,591269.02
CENTRAL,2025-10-20,3147.13,594416.15
CENTRAL,2025-10-21,5690.21,600106.36
CENTRAL,2025-10-23,438.67,600545.03
CENTRAL,2025-10-24,1569.28,602114.31
CENTRAL,2025-10-25,114.16,602228.46
CENTRAL,2025-10-29,6630.48,608858.94
CENTRAL,2025-11-03,9306.2,618165.14
CENTRAL,2025-11-11,9331.08,627496.22
CENTRAL,2025-11-12,4140.0,631636.22
CENTRAL,2025-11-15,14230.95,645867.17
CENTRAL,2025-11-18,8051.83,653919.0
CENTRAL,2025-11-19,3172.52,657091.52
CENTRAL,2025-11-21,2154.0,659245.52
CENTRAL,2025-11-23,14055.62,673301.15
CENTRAL,2025-11-25,5362.5,678663.65
CENTRAL,2025-11-28,4234.22,682897.87
CENTRAL,2025-12-03,3667.41,686565.28
CENTRAL,2025-12-04,6537.84,693103.12
CENTRAL,2025-12-05,15379.34,708482.46
CENTRAL,2025-12-06,5472.27,713954.74
CENTRAL,2025-12-07,8533.1,722487.84
CENTRAL,2025-12-09,3704.28,726192.12
CENTRAL,2025-12-10,2700.3,728892.42
CENTRAL,2025-12-11,3591.19,732483.61
CENTRAL,2025-12-13,2830.68,735314.29
CENTRAL,2025-12-14,17715.5,753029.78
CENTRAL,2025-12-15,-735.22,752294.56
CENTRAL,2025-12-18,1170.12,753464.68
CENTRAL,2025-12-19,1077.51,754542.19
CENTRAL,2025-12-20,8487.33,763029.52
CENTRAL,2025-12-22,7003.26,770032.78
CENTRAL,2025-12-23,2713.72,772746.5
CENTRAL,2025-12-24,1413.13,774159.63
CENTRAL,2025-12-25,3065.73,777225.37
CENTRAL,2025-12-29,2809.22,780034.58
CENTRAL,2026-01-02,6381.63,786416.22
CENTRAL,2026-01-03,2034.79,788451.01
CENTRAL,2026-01-05,4489.45,792940.45
CENTRAL,2026-01-06,2615.88,795556.33
CENTRAL,2026-01-07,2434.81,797991.14
CENTRAL,2026-01-08,3764.84,801755.98
CENTRAL,2026-01-09,2224.74,803980.72
CENTRAL,2026-01-12,4009.07,807989.79
CENTRAL,2026-01-14,7428.92,815418.71
CENTRAL,2026-01-15,1324.46,816743.17
CENTRAL,2026-01-16,5575.05,822318.22
CENTRAL,2026-01-17,4465.19,826783.41
CENTRAL,2026-01-19,12402.0,839185.41
CENTRAL,2026-01-20,5797.17,844982.59
CENTRAL,2026-01-22,5423.88,850406.47
CENTRAL,2026-01-23,3040.12,853446.59
CENTRAL,2026-01-26,2720.49,856167.08
CENTRAL,2026-01-29,9213.4,865380.47
CENTRAL,2026-02-03,867.77,866248.25
CENTRAL,2026-02-04,3127.08,869375.32
CENTRAL,2026-02-05,5046.43,874421.75
CENTRAL,2026-02-06,2613.16,877034.91
CENTRAL,2026-02-09,8293.31,885328.22
CENTRAL,2026-02-10,8570.83,893899.05
CENTRAL,2026-02-11,10366.14,904265.19
CENTRAL,2026-02-13,3698.69,907963.88
CENTRAL,2026-02-15,2090.58,910054.46
CENTRAL,2026-02-17,2053.04,912107.5
CENTRAL,2026-02-19,2085.92,914193.43
CENTRAL,2026-02-20,3681.08,917874.5
CENTRAL,2026-02-21,5941.84,923816.34
CENTRAL,2026-02-23,1185.27,925001.61
CENTRAL,2026-02-24,18068.67,943070.29
CENTRAL,2026-02-27,1631.84,944702.13
CENTRAL,2026-02-28,2782.17,947484.3
CENTRAL,2026-03-01,4015.26,951499.56
CENTRAL,2026-03-03,7168.82,958668.38
CENTRAL,2026-03-04,1721.75,960390.13
CENTRAL,2026-03-05,9388.57,969778.7
CENTRAL,2026-03-07,9826.86,979605.56
CENTRAL,2026-03-08,3915.95,983521.51
CENTRAL,2026-03-09,8431.58,991953.09
CENTRAL,2026-03-10,6743.96,998697.05
CENTRAL,2026-03-11,8428.43,1007125.48
CENTRAL,2026-03-16,5903.0,1013028.48
CENTRAL,2026-03-18,2575.09,1015603.57
CENTRAL,2026-03-21,9805.25,1025408.83
CENTRAL,2026-03-22,7887.39,1033296.22
CENTRAL,2026-03-23,4806.71,1038102.93
CENTRAL,2026-03-27,1907.0,1040009.93
CENTRAL,2026-03-28,7187.1,1047197.03
CENTRAL,2026-03-30,5173.16,1052370.19
CENTRAL,2026-03-31,7579.3,1059949.48
CENTRAL,2026-04-02,7830.15,1067779.64
CENTRAL,2026-04-03,499.55,1068279.18
CENTRAL,2026-04-04,10426.24,1078705.42
CENTRAL,2026-04-06,10945.53,1089650.95
CENTRAL,2026-04-08,2368.98,1092019.93
CENTRAL,2026-04-09,2889.52,1094909.45
CENTRAL,2026-04-10,5266.19,1100175.65
CENTRAL,2026-04-11,6302.89,1106478.54
CENTRAL,2026-04-13,5301.43,1111779.97
CENTRAL,2026-04-14,17123.24,1128903.21
CENTRAL,2026-04-15,5806.81,1134710.02
CENTRAL,2026-04-16,7053.87,1141763.89
CENTRAL,2026-04-18,9089.77,1150853.66
CENTRAL,2026-04-19,8566.35,1159420.01
CENTRAL,2026-04-21,12313.76,1171733.76
CENTRAL,2026-04-23,-224.73,1171509.03
CENTRAL,2026-04-24,3957.78,1175466.81
CENTRAL,2026-04-26,4726.47,1180193.28
CENTRAL,2026-04-27,5776.67,1185969.95
CENTRAL,2026-04-28,9582.09,1195552.04
CENTRAL,2026-04-30,1361.16,1196913.2
CENTRAL,2026-05-01,4779.78,1201692.98
CENTRAL,2026-05-03,4168.24,1205861.22
CENTRAL,2026-05-04,2978.66,1208839.88
CENTRAL,2026-05-05,4365.48,1213205.36
CENTRAL,2026-05-06,4260.68,1217466.04
CENTRAL,2026-05-07,1612.05,1219078.09
CENTRAL,2026-05-08,5710.58,1224788.67
CENTRAL,2026-05-09,8129.01,1232917.68
CENTRAL,2026-05-11,8595.54,1241513.22
CENTRAL,2026-05-12,20976.36,1262489.58
CENTRAL,2026-05-13,5631.07,1268120.65
CENTRAL,2026-05-15,4381.27,1272501.92
CENTRAL,2026-05-16,15772.36,1288274.28
CENTRAL,2026-05-18,3809.2,1292083.48
CENTRAL,2026-05-19,5630.57,1297714.05
CENTRAL,2026-05-20,8013.92,1305727.97
CENTRAL,2026-05-21,6575.51,1312303.48
CENTRAL,2026-05-23,14973.43,1327276.91
CENTRAL,2026-05-24,14667.45,1341944.36
CENTRAL,2026-05-25,2337.77,1344282.13
CENTRAL,2026-05-26,15161.39,1359443.52
CENTRAL,2026-05-27,12602.54,1372046.06
CENTRAL,2026-05-28,8052.79,1380098.85
CENTRAL,2026-05-29,9139.57,1389238.42
CENTRAL,2026-05-30,8004.74,1397243.16
CENTRAL,2026-05-31,2196.32,1399439.47
CENTRAL,2026-06-01,7681.51,1407120.98
CENTRAL,2026-06-02,1296.72,1408417.7
CENTRAL,2026-06-03,14649.81,1423067.51
CENTRAL,2026-06-04,2097.14,1425164.65
CENTRAL,2026-06-06,9508.65,1434673.3
CENTRAL,2026-06-08,9148.55,1443821.85
CENTRAL,2026-06-09,14559.82,1458381.67
CENTRAL,2026-06-10,6579.6,1464961.27
CENTRAL,2026-06-11,8970.54,1473931.8
CENTRAL,2026-06-12,24026.98,1497958.78
CENTRAL,2026-06-13,10688.49,1508647.26
CENTRAL,2026-06-14,5752.55,1514399.81
CENTRAL,2026-06-15,5383.61,1519783.42
CENTRAL,2026-06-16,7996.06,1527779.48
CENTRAL,2026-06-18,16334.91,1544114.39
CENTRAL,2026-06-19,8432.22,1552546.61
CENTRAL,2026-06-20,3689.57,1556236.18
CENTRAL,2026-06-22,9377.56,1565613.74
CENTRAL,2026-06-23,12201.51,1577815.25
CENTRAL,2026-06-24,1165.11,1578980.36
CENTRAL,2026-06-25,831.85,1579812.22
CENTRAL,2026-06-26,16367.59,1596179.81
CENTRAL,2026-06-28,16960.85,1613140.65
CENTRAL,2026-06-29,485.86,1613626.51
CENTRAL,2026-06-30,4760.11,1618386.62
CENTRAL,2026-07-01,1998.02,1620384.64
CENTRAL,2026-07-02,63.94,1620448.57
CENTRAL,2026-07-03,556.1,1621004.67
CENTRAL,2026-07-04,5488.68,1626493.35
CENTRAL,2026-07-05,3952.38,1630445.73
EAST,2024-07-05,1835.6,1835.6
EAST,2024-07-24,916.49,2752.09
EAST,2024-07-29,1358.85,4110.94
EAST,2024-08-16,415.34,4526.29
EAST,2024-08-19,6518.84,11045.13
EAST,2024-08-24,2663.4,13708.53
EAST,2024-08-30,-1652.26,12056.27
EAST,2024-09-09,1654.43,13710.69
EAST,2024-09-13,7039.17,20749.86
EAST,2024-09-26,2304.62,23054.49
EAST,2024-10-03,2569.32,25623.81
EAST,2024-10-10,277.24,25901.04
EAST,2024-10-28,1883.48,27784.52
EAST,2024-10-30,5796.38,33580.9
EAST,2024-11-11,9747.44,43328.34
EAST,2024-11-16,-669.28,42659.07
EAST,2024-11-22,5492.39,48151.45
EAST,2024-11-24,7072.89,55224.34
EAST,2024-11-27,973.68,56198.02
EAST,2024-12-03,5298.97,61497.0
EAST,2024-12-14,1565.82,63062.82
EAST,2024-12-15,2776.42,65839.24
EAST,2024-12-20,6492.86,72332.1
EAST,2024-12-24,5212.97,77545.07
EAST,2024-12-31,4841.89,82386.96
EAST,2025-01-03,2530.29,84917.25
EAST,2025-01-09,2774.75,87692.0
EAST,2025-01-11,1202.93,88894.93
EAST,2025-01-15,3064.96,91959.89
EAST,2025-02-08,21.52,91981.41
EAST,2025-02-10,2307.75,94289.16
EAST,2025-02-14,8828.29,103117.45
EAST,2025-02-15,1485.14,104602.59
EAST,2025-02-22,7200.13,111802.73
EAST,2025-02-24,7727.92,119530.65
EAST,2025-03-01,8617.13,128147.78
EAST,2025-03-03,8715.86,136863.64
EAST,2025-03-08,3185.01,140048.65
EAST,2025-03-10,614.08,140662.73
EAST,2025-03-13,1742.81,142405.54
EAST,2025-03-23,3210.06,145615.61
EAST,2025-03-28,3695.68,149311.29
EAST,2025-04-14,2178.54,151489.83
EAST,2025-04-16,8786.45,160276.28
EAST,2025-04-21,8954.78,169231.06
EAST,2025-04-22,5347.49,174578.55
EAST,2025-04-23,2923.6,177502.15
EAST,2025-04-25,6306.75,183808.9
EAST,2025-04-26,18306.37,202115.28
EAST,2025-05-04,2111.66,204226.93
EAST,2025-05-05,1096.14,205323.08
EAST,2025-05-18,2605.07,207928.15
EAST,2025-05-21,11379.67,219307.82
EAST,2025-05-23,10462.44,229770.26
EAST,2025-05-30,2261.88,232032.14
EAST,2025-06-02,1972.07,234004.21
EAST,2025-06-08,1249.49,235253.7
EAST,2025-06-11,9834.27,245087.97
EAST,2025-06-16,2469.46,247557.43
EAST,2025-06-18,4692.79,252250.23
EAST,2025-06-22,5277.33,257527.56
EAST,2025-06-24,5092.67,262620.23
EAST,2025-06-26,4157.12,266777.35
EAST,2025-06-28,1452.3,268229.66
EAST,2025-07-02,28.39,268258.05
EAST,2025-07-03,6954.0,275212.05
EAST,2025-07-04,2989.03,278201.08
EAST,2025-07-05,1001.3,279202.39
EAST,2025-07-09,6680.57,285882.95
EAST,2025-07-11,-164.11,285718.84
EAST,2025-07-12,2813.6,288532.44
EAST,2025-07-15,868.21,289400.65
EAST,2025-07-18,1411.82,290812.47
EAST,2025-07-25,2401.45,293213.93
EAST,2025-07-28,5240.74,298454.67
EAST,2025-08-03,5964.52,304419.19
EAST,2025-08-04,3457.81,307877.0
EAST,2025-08-05,2764.69,310641.69
EAST,2025-08-06,2594.04,313235.73
EAST,2025-08-08,37.22,313272.95
EAST,2025-08-16,4239.72,317512.67
EAST,2025-08-18,1942.26,319454.93
EAST,2025-08-19,14280.56,333735.48
EAST,2025-08-21,1491.26,335226.74
EAST,2025-08-22,5480.0,340706.74
EAST,2025-08-28,8952.27,349659.01
EAST,2025-08-29,14528.6,364187.61
EAST,2025-09-02,6653.04,370840.65
EAST,2025-09-03,20305.41,391146.06
EAST,2025-09-04,3102.64,394248.7
EAST,2025-09-07,74.18,394322.87
EAST,2025-09-08,9534.35,403857.22
EAST,2025-09-12,1458.6,405315.82
EAST,2025-09-14,1885.25,407201.07
EAST,2025-09-16,2849.44,410050.52
EAST,2025-09-17,1560.01,411610.52
EAST,2025-09-30,5527.85,417138.38
EAST,2025-10-01,2928.55,420066.93
EAST,2025-10-02,2764.16,422831.08
EAST,2025-10-03,1560.16,424391.24
EAST,2025-10-12,6181.89,430573.13
EAST,2025-10-15,5482.14,436055.27
EAST,2025-10-18,170.19,436225.46
EAST,2025-10-20,11543.29,447768.75
EAST,2025-10-22,6036.59,453805.34
EAST,2025-10-24,2595.62,456400.96
EAST,2025-10-25,4007.76,460408.73
EAST,2025-10-27,8751.41,469160.13
EAST,2025-10-28,6219.44,475379.58
EAST,2025-11-01,3537.33,478916.91
EAST,2025-11-05,3292.25,482209.16
EAST,2025-11-06,11437.16,493646.32
EAST,2025-11-07,7745.19,501391.5
EAST,2025-11-10,5297.3,506688.8
EAST,2025-11-12,3480.91,510169.71
EAST,2025-11-13,4259.86,514429.58
EAST,2025-11-15,9520.82,523950.4
EAST,2025-11-20,6440.8,530391.2
EAST,2025-11-22,12831.46,543222.67
EAST,2025-11-29,5951.49,549174.16
EAST,2025-12-01,9286.13,558460.28
EAST,2025-12-02,11739.37,570199.65
EAST,2025-12-03,5817.43,576017.07
EAST,2025-12-04,4258.03,580275.11
EAST,2025-12-07,1156.52,581431.63
EAST,2025-12-09,3896.88,585328.51
EAST,2025-12-12,4372.79,589701.3
EAST,2025-12-14,13788.46,603489.76
EAST,2025-12-16,1192.15,604681.92
EAST,2025-12-17,4683.62,609365.53
EAST,2025-12-18,11319.99,620685.53
EAST,2025-12-24,8949.84,629635.37
EAST,2025-12-26,4793.17,634428.54
EAST,2025-12-27,961.93,635390.47
EAST,2025-12-30,3055.63,638446.1
EAST,2025-12-31,694.25,639140.34
EAST,2026-01-03,3350.09,642490.43
EAST,2026-01-09,7297.13,649787.56
EAST,2026-01-11,3185.2,652972.76
EAST,2026-01-13,12565.87,665538.63
EAST,2026-01-15,9519.61,675058.24
EAST,2026-01-16,969.1,676027.33
EAST,2026-01-18,8279.98,684307.31
EAST,2026-01-19,3437.84,687745.15
EAST,2026-01-20,8554.66,696299.81
EAST,2026-01-23,18526.57,714826.37
EAST,2026-01-26,4943.59,719769.96
EAST,2026-01-28,3817.45,723587.41
EAST,2026-02-02,2704.02,726291.43
EAST,2026-02-04,6901.83,733193.26
EAST,2026-02-06,2119.25,735312.51
EAST,2026-02-07,11260.47,746572.98
EAST,2026-02-13,5402.49,751975.47
EAST,2026-02-15,5653.97,757629.44
EAST,2026-02-16,11581.79,769211.23
EAST,2026-02-18,2255.19,771466.42
EAST,2026-02-20,2632.4,774098.82
EAST,2026-02-24,3622.95,777721.77
EAST,2026-02-25,1031.59,778753.36
EAST,2026-02-26,9934.52,788687.88
EAST,2026-02-28,7087.96,795775.84
EAST,2026-03-01,4983.73,800759.57
EAST,2026-03-02,11590.97,812350.55
EAST,2026-03-04,2314.38,814664.93
EAST,2026-03-06,13696.63,828361.55
EAST,2026-03-07,2462.59,830824.14
EAST,2026-03-11,1869.53,832693.68
EAST,2026-03-13,12189.51,844883.19
EAST,2026-03-14,10597.46,855480.65
EAST,2026-03-15,3528.38,859009.03
EAST,2026-03-16,4628.66,863637.69
EAST,2026-03-18,6670.58,870308.27
EAST,2026-03-19,4558.57,874866.83
EAST,2026-03-22,944.2,875811.03
EAST,2026-03-23,7701.75,883512.78
EAST,2026-03-25,3287.62,886800.4
EAST,2026-03-30,9766.79,896567.19
EAST,2026-03-31,1314.08,897881.27
EAST,2026-04-01,6852.35,904733.61
EAST,2026-04-03,-158.01,904575.6
EAST,2026-04-04,4573.09,909148.68
EAST,2026-04-05,6676.39,915825.08
EAST,2026-04-06,1297.62,917122.7
EAST,2026-04-07,3669.2,920791.9
EAST,2026-04-09,-1667.54,919124.36
EAST,2026-04-10,14041.78,933166.14
EAST,2026-04-11,2551.61,935717.75
EAST,2026-04-14,3966.49,939684.24
EAST,2026-04-16,7887.18,947571.42
EAST,2026-04-17,6009.26,953580.68
EAST,2026-04-18,11693.01,965273.69
EAST,2026-04-20,13645.71,978919.4
EAST,2026-04-22,1047.82,979967.22
EAST,2026-04-24,3455.87,983423.09
EAST,2026-04-25,5512.39,988935.48
EAST,2026-04-26,-1918.03,987017.45
EAST,2026-04-28,5733.0,992750.46
EAST,2026-05-02,4972.52,997722.98
EAST,2026-05-03,5299.96,1003022.93
EAST,2026-05-04,5797.41,1008820.34
EAST,2026-05-05,6886.22,1015706.56
EAST,2026-05-06,1013.28,1016719.84
EAST,2026-05-07,4266.74,1020986.58
EAST,2026-05-08,659.43,1021646.01
EAST,2026-05-09,5693.99,1027340.0
EAST,2026-05-11,6926.26,1034266.26
EAST,2026-05-13,3449.36,1037715.62
EAST,2026-05-15,9294.72,1047010.34
EAST,2026-05-16,10176.55,1057186.89
EAST,2026-05-17,2368.75,1059555.64
EAST,2026-05-18,10891.24,1070446.88
EAST,2026-05-19,3723.88,1074170.76
EAST,2026-05-20,13509.83,1087680.59
EAST,2026-05-21,3892.68,1091573.27
EAST,2026-05-22,9289.8,1100863.07
EAST,2026-05-23,11550.26,1112413.32
EAST,2026-05-24,2045.24,1114458.56
EAST,2026-05-25,4841.85,1119300.41
EAST,2026-05-26,8177.03,1127477.44
EAST,2026-05-27,1257.06,1128734.5
EAST,2026-05-28,2132.41,1130866.91
EAST,2026-05-29,5530.48,1136397.4
EAST,2026-05-30,3585.16,1139982.55
EAST,2026-05-31,3988.81,1143971.36
EAST,2026-06-01,18844.37,1162815.74
EAST,2026-06-02,13835.25,1176650.98
EAST,2026-06-03,12716.57,1189367.56
EAST,2026-06-05,4997.45,1194365.01
EAST,2026-06-06,6270.57,1200635.58
EAST,2026-06-08,6227.23,1206862.81
EAST,2026-06-09,23025.45,1229888.26
EAST,2026-06-10,3633.77,1233522.04
EAST,2026-06-14,7464.96,1240987.0
EAST,2026-06-15,-127.94,1240859.05
EAST,2026-06-16,9548.03,1250407.08
EAST,2026-06-17,3029.03,1253436.11
EAST,2026-06-19,2754.05,1256190.16
EAST,2026-06-20,3440.11,1259630.27
EAST,2026-06-21,2801.23,1262431.5
EAST,2026-06-22,15062.92,1277494.42
EAST,2026-06-23,309.13,1277803.55
EAST,2026-06-24,4575.72,1282379.27
EAST,2026-06-25,5333.99,1287713.26
EAST,2026-06-26,10683.56,1298396.82
EAST,2026-06-28,17516.12,1315912.94
EAST,2026-06-29,22432.97,1338345.91
EAST,2026-06-30,401.84,1338747.75
EAST,2026-07-01,2800.12,1341547.86
EAST,2026-07-04,4877.5,1346425.36
EAST,2026-07-05,2860.02,1349285.38
EAST,2026-07-08,-98.2,1349187.18
NORTH,2024-07-10,1766.22,1766.22
NORTH,2024-08-17,9083.69,10849.91
NORTH,2024-08-21,-2523.74,8326.17
NORTH,2024-08-24,402.34,8728.51
NORTH,2024-09-13,4004.03,12732.54
NORTH,2024-09-14,3882.58,16615.11
NORTH,2024-09-20,1679.49,18294.61
NORTH,2024-10-04,11351.66,29646.27
NORTH,2024-10-11,7752.58,37398.84
NORTH,2024-10-12,6507.2,43906.05
NORTH,2024-10-24,6053.48,49959.53
NORTH,2024-10-28,220.88,50180.41
NORTH,2024-11-16,1443.69,51624.1
NORTH,2024-11-22,8716.84,60340.93
NORTH,2024-12-05,8152.43,68493.36
NORTH,2024-12-10,6707.1,75200.46
NORTH,2024-12-13,2926.13,78126.59
NORTH,2024-12-16,2045.09,80171.68
NORTH,2025-01-05,5973.44,86145.12
NORTH,2025-01-06,6387.67,92532.79
NORTH,2025-01-07,9061.27,101594.06
NORTH,2025-01-11,6445.74,108039.8
NORTH,2025-01-15,5361.2,113401.0
NORTH,2025-01-18,1314.72,114715.72
NORTH,2025-01-23,5797.03,120512.75
NORTH,2025-01-29,9947.74,130460.49
NORTH,2025-01-30,4473.09,134933.58
NORTH,2025-02-06,12158.08,147091.67
NORTH,2025-02-11,-293.06,146798.61
NORTH,2025-02-23,3009.81,149808.42
NORTH,2025-03-19,14021.87,163830.29
NORTH,2025-04-03,818.64,164648.93
NORTH,2025-04-04,3539.41,168188.34
NORTH,2025-04-05,4551.02,172739.37
NORTH,2025-04-12,11298.36,184037.73
NORTH,2025-04-21,8144.84,192182.56
NORTH,2025-04-27,12038.08,204220.65
NORTH,2025-04-28,5139.39,209360.04
NORTH,2025-04-30,2481.25,211841.29
NORTH,2025-05-01,10442.54,222283.83
NORTH,2025-05-03,2664.36,224948.19
NORTH,2025-05-04,9283.05,234231.24
NORTH,2025-05-05,193.62,234424.86
NORTH,2025-05-06,96.61,234521.47
NORTH,2025-05-07,6228.14,240749.61
NORTH,2025-05-09,6482.37,247231.98
NORTH,2025-05-10,6764.03,253996.01
NORTH,2025-05-11,5440.81,259436.82
NORTH,2025-05-13,6771.3,266208.12
NORTH,2025-05-15,4180.19,270388.31
NORTH,2025-05-21,1263.94,271652.25
NORTH,2025-05-23,8826.51,280478.76
NORTH,2025-05-24,2067.86,282546.62
NORTH,2025-05-25,6608.57,289155.18
NORTH,2025-05-28,10533.22,299688.4
NORTH,2025-05-30,1526.77,301215.17
NORTH,2025-06-01,3095.01,304310.18
NORTH,2025-06-03,4782.55,309092.73
NORTH,2025-06-05,1636.43,310729.16
NORTH,2025-06-06,1754.0,312483.16
NORTH,2025-06-07,10872.86,323356.02
NORTH,2025-06-10,3310.65,326666.67
NORTH,2025-06-19,9307.97,335974.63
NORTH,2025-06-23,206.06,336180.7
NORTH,2025-06-24,-2607.95,333572.75
NORTH,2025-06-26,159.42,333732.17
NORTH,2025-07-04,10868.24,344600.41
NORTH,2025-07-06,6496.16,351096.57
NORTH,2025-07-10,11535.1,362631.67
NORTH,2025-07-15,3600.9,366232.57
NORTH,2025-07-22,7721.33,373953.9
NORTH,2025-07-24,9606.86,383560.76
NORTH,2025-07-30,10771.56,394332.33
NORTH,2025-08-04,6836.59,401168.92
NORTH,2025-08-05,-1307.12,399861.81
NORTH,2025-08-07,10060.23,409922.04
NORTH,2025-08-09,4073.62,413995.66
NORTH,2025-08-16,999.42,414995.08
NORTH,2025-08-19,284.97,415280.05
NORTH,2025-08-21,1594.45,416874.5
NORTH,2025-08-22,5143.43,422017.93
NORTH,2025-08-24,8091.29,430109.22
NORTH,2025-08-26,2040.97,432150.19
NORTH,2025-08-29,4593.19,436743.38
NORTH,2025-09-04,4765.37,441508.74
NORTH,2025-09-06,6033.06,447541.8
NORTH,2025-09-07,2497.68,450039.48
NORTH,2025-09-14,5424.36,455463.84
NORTH,2025-09-15,3204.74,458668.58
NORTH,2025-09-18,5525.34,464193.92
NORTH,2025-09-22,4968.7,469162.63
NORTH,2025-09-27,7316.74,476479.37
NORTH,2025-09-29,2872.7,479352.07
NORTH,2025-10-01,1735.03,481087.09
NORTH,2025-10-03,4619.53,485706.62
NORTH,2025-10-04,4991.7,490698.32
NORTH,2025-10-05,4681.14,495379.46
NORTH,2025-10-08,9193.25,504572.71
NORTH,2025-10-09,562.8,505135.51
NORTH,2025-10-10,3053.2,508188.71
NORTH,2025-10-11,4191.45,512380.16
NORTH,2025-10-14,6995.0,519375.16
NORTH,2025-10-16,1903.58,521278.75
NORTH,2025-10-17,3042.15,524320.9
NORTH,2025-10-19,9119.0,533439.9
NORTH,2025-10-20,-191.24,533248.66
NORTH,2025-10-23,2497.22,535745.88
NORTH,2025-10-24,924.05,536669.93
NORTH,2025-10-26,5533.69,542203.62
NORTH,2025-10-27,12030.7,554234.32
NORTH,2025-10-28,4368.72,558603.04
NORTH,2025-10-29,13328.88,571931.92
NORTH,2025-10-31,6722.0,578653.92
NORTH,2025-11-03,4977.77,583631.69
NORTH,2025-11-05,4672.91,588304.59
NORTH,2025-11-06,267.89,588572.49
NORTH,2025-11-07,7145.94,595718.43
NORTH,2025-11-09,4992.3,600710.72
NORTH,2025-11-11,4457.22,605167.94
NORTH,2025-11-13,9111.58,614279.52
NORTH,2025-11-14,14456.46,628735.98
NORTH,2025-11-16,5776.47,634512.45
NORTH,2025-11-17,5077.14,639589.59
NORTH,2025-11-28,15967.26,655556.85
NORTH,2025-11-29,7133.82,662690.67
NORTH,2025-12-03,15894.26,678584.93
NORTH,2025-12-05,4586.61,683171.54
NORTH,2025-12-08,5431.29,688602.83
NORTH,2025-12-09,11173.31,699776.14
NORTH,2025-12-11,1573.93,701350.07
NORTH,2025-12-14,868.81,702218.88
NORTH,2025-12-16,14696.78,716915.66
NORTH,2025-12-17,13290.96,730206.63
NORTH,2025-12-18,2135.82,732342.45
NORTH,2025-12-21,6870.24,739212.69
NORTH,2025-12-24,1733.4,740946.09
NORTH,2025-12-28,4345.88,745291.97
NORTH,2025-12-29,943.03,746235.0
NORTH,2025-12-30,8287.04,754522.04
NORTH,2025-12-31,428.3,754950.34
NORTH,2026-01-01,4515.0,759465.34
NORTH,2026-01-03,7391.24,766856.58
NORTH,2026-01-04,9034.28,775890.86
NORTH,2026-01-05,7081.47,782972.33
NORTH,2026-01-08,1145.12,784117.45
NORTH,2026-01-11,10229.78,794347.24
NORTH,2026-01-12,3362.24,797709.48
NORTH,2026-01-13,897.9,798607.38
NORTH,2026-01-16,2246.31,800853.69
NORTH,2026-01-19,4902.31,805756.0
NORTH,2026-01-22,5455.72,811211.72
NORTH,2026-01-23,6191.45,817403.16
NORTH,2026-01-24,-936.06,816467.1
NORTH,2026-01-25,2938.12,819405.23
NORTH,2026-01-29,6677.58,826082.81
NORTH,2026-01-30,1614.06,827696.87
NORTH,2026-01-31,7393.5,835090.37
NORTH,2026-02-01,6192.16,841282.53
NORTH,2026-02-03,-567.8,840714.73
NORTH,2026-02-06,7751.13,848465.87
NORTH,2026-02-08,1585.15,850051.02
NORTH,2026-02-09,3075.52,853126.54
NORTH,2026-02-10,3761.78,856888.31
NORTH,2026-02-13,17220.67,874108.98
NORTH,2026-02-15,784.57,874893.55
NORTH,2026-02-17,17405.66,892299.21
NORTH,2026-02-18,8936.03,901235.25
NORTH,2026-02-19,7291.77,908527.02
NORTH,2026-02-23,5159.98,913687.0
NORTH,2026-02-25,3325.43,917012.43
NORTH,2026-02-26,6222.67,923235.1
NORTH,2026-02-27,751.11,923986.21
NORTH,2026-03-01,6090.55,930076.76
NORTH,2026-03-03,3276.87,933353.64
NORTH,2026-03-06,713.27,934066.9
NORTH,2026-03-07,1590.97,935657.88
NORTH,2026-03-10,7327.64,942985.51
NORTH,2026-03-11,5858.24,948843.75
NORTH,2026-03-12,8593.15,957436.91
NORTH,2026-03-14,1185.27,958622.18
NORTH,2026-03-17,14829.4,973451.58
NORTH,2026-03-19,15488.38,988939.96
NORTH,2026-03-20,5313.29,994253.25
NORTH,2026-03-25,11774.89,1006028.14
NORTH,2026-03-27,8592.81,1014620.95
NORTH,2026-03-28,3036.56,1017657.51
NORTH,2026-03-30,13566.23,1031223.74
NORTH,2026-03-31,5899.9,1037123.64
NORTH,2026-04-01,5214.3,1042337.93
NORTH,2026-04-05,2982.17,1045320.1
NORTH,2026-04-08,14161.65,1059481.75
NORTH,2026-04-09,4125.58,1063607.33
NORTH,2026-04-11,2732.08,1066339.41
NORTH,2026-04-12,2836.39,1069175.81
NORTH,2026-04-14,7874.63,1077050.43
NORTH,2026-04-15,7415.97,1084466.4
NORTH,2026-04-17,2899.48,1087365.89
NORTH,2026-04-19,20860.71,1108226.6
NORTH,2026-04-20,10091.86,1118318.46
NORTH,2026-04-21,4247.91,1122566.37
NORTH,2026-04-23,11862.04,1134428.41
NORTH,2026-04-27,7637.67,1142066.08
NORTH,2026-05-01,7481.66,1149547.74
NORTH,2026-05-04,2885.22,1152432.96
NORTH,2026-05-05,6731.53,1159164.49
NORTH,2026-05-06,9389.85,1168554.35
NORTH,2026-05-07,10454.19,1179008.54
NORTH,2026-05-08,4254.48,1183263.02
NORTH,2026-05-09,963.79,1184226.81
NORTH,2026-05-10,8521.03,1192747.84
NORTH,2026-05-12,9178.32,1201926.16
NORTH,2026-05-13,5504.47,1207430.63
NORTH,2026-05-14,4953.79,1212384.42
NORTH,2026-05-16,8892.37,1221276.79
NORTH,2026-05-17,6851.69,1228128.48
NORTH,2026-05-18,811.6,1228940.08
NORTH,2026-05-20,2595.25,1231535.33
NORTH,2026-05-21,2596.2,1234131.53
NORTH,2026-05-24,2497.8,1236629.33
NORTH,2026-05-25,1619.48,1238248.81
NORTH,2026-05-26,8151.12,1246399.92
NORTH,2026-05-27,12791.09,1259191.01
NORTH,2026-05-28,2910.1,1262101.11
NORTH,2026-05-29,1828.68,1263929.79
NORTH,2026-05-30,2191.93,1266121.72
NORTH,2026-06-02,3612.11,1269733.83
NORTH,2026-06-03,7879.42,1277613.25
NORTH,2026-06-04,5250.73,1282863.98
NORTH,2026-06-07,9538.53,1292402.51
NORTH,2026-06-08,19003.6,1311406.11
NORTH,2026-06-09,8069.66,1319475.77
NORTH,2026-06-10,7998.99,1327474.76
NORTH,2026-06-11,5479.16,1332953.92
NORTH,2026-06-13,22862.02,1355815.94
NORTH,2026-06-14,22509.95,1378325.89
NORTH,2026-06-15,923.01,1379248.9
NORTH,2026-06-17,16037.85,1395286.75
NORTH,2026-06-18,3716.45,1399003.21
NORTH,2026-06-19,6030.89,1405034.09
NORTH,2026-06-20,9933.68,1414967.78
NORTH,2026-06-22,875.08,1415842.86
NORTH,2026-06-23,2087.1,1417929.96
NORTH,2026-06-24,2164.4,1420094.36
NORTH,2026-06-25,11679.13,1431773.49
NORTH,2026-06-26,1928.28,1433701.77
NORTH,2026-06-27,2317.15,1436018.92
NORTH,2026-06-28,8082.98,1444101.9
NORTH,2026-06-29,7654.92,1451756.83
NORTH,2026-06-30,1550.36,1453307.19
NORTH,2026-07-04,13145.34,1466452.53
NORTH,2026-07-05,12512.38,1478964.91
NORTH,2026-07-06,1703.45,1480668.35
NORTH,2026-07-07,6303.09,1486971.44
NORTH,2026-07-08,17631.76,1504603.2
NORTH,2026-07-09,16898.22,1521501.42
SOUTH,2024-07-04,8327.45,8327.45
SOUTH,2024-07-07,6933.57,15261.02
SOUTH,2024-07-09,3631.88,18892.9
SOUTH,2024-07-11,5969.57,24862.47
SOUTH,2024-08-02,3294.76,28157.23
SOUTH,2024-08-22,1953.79,30111.02
SOUTH,2024-09-05,6061.32,36172.35
SOUTH,2024-10-10,851.06,37023.4
SOUTH,2024-10-19,5366.42,42389.82
SOUTH,2024-10-20,3178.74,45568.56
SOUTH,2024-10-25,8134.87,53703.43
SOUTH,2024-11-07,7555.76,61259.19
SOUTH,2024-11-09,1785.94,63045.13
SOUTH,2024-11-12,824.75,63869.88
SOUTH,2024-11-17,617.65,64487.53
SOUTH,2024-11-18,1297.75,65785.28
SOUTH,2024-11-23,482.85,66268.13
SOUTH,2024-11-24,160.08,66428.21
SOUTH,2024-11-29,3486.83,69915.04
SOUTH,2024-12-05,4758.28,74673.33
SOUTH,2024-12-08,5.98,74679.31
SOUTH,2024-12-22,6574.41,81253.72
SOUTH,2024-12-31,4614.08,85867.8
SOUTH,2025-01-05,-1244.28,84623.52
SOUTH,2025-01-20,2184.11,86807.63
SOUTH,2025-01-23,3809.78,90617.41
SOUTH,2025-02-03,1046.42,91663.83
SOUTH,2025-02-04,1659.08,93322.91
SOUTH,2025-02-05,5534.03,98856.93
SOUTH,2025-02-09,1082.69,99939.62
SOUTH,2025-02-10,6147.57,106087.2
SOUTH,2025-02-11,2811.42,108898.62
SOUTH,2025-02-15,5976.71,114875.33
SOUTH,2025-02-16,6324.39,121199.73
SOUTH,2025-02-22,1869.94,123069.67
SOUTH,2025-02-23,1397.98,124467.65
SOUTH,2025-02-24,6366.98,130834.63
SOUTH,2025-03-07,484.49,131319.11
SOUTH,2025-03-14,3547.87,134866.99
SOUTH,2025-03-15,11863.74,146730.73
SOUTH,2025-03-19,3974.18,150704.9
SOUTH,2025-03-24,6473.74,157178.64
SOUTH,2025-03-26,-1340.35,155838.29
SOUTH,2025-03-28,8758.21,164596.5
SOUTH,2025-03-29,7197.86,171794.36
SOUTH,2025-03-30,0.0,171794.36
SOUTH,2025-04-04,-1955.14,169839.21
SOUTH,2025-04-06,2157.36,171996.57
SOUTH,2025-04-10,7186.19,179182.77
SOUTH,2025-04-20,612.07,179794.83
SOUTH,2025-04-23,456.16,180250.99
SOUTH,2025-04-26,2804.02,183055.02
SOUTH,2025-05-06,2174.65,185229.66
SOUTH,2025-05-07,4853.3,190082.97
SOUTH,2025-05-24,590.89,190673.85
SOUTH,2025-05-28,2685.98,193359.83
SOUTH,2025-05-30,7165.95,200525.78
SOUTH,2025-06-09,11871.38,212397.16
SOUTH,2025-06-14,5961.1,218358.26
SOUTH,2025-06-16,438.12,218796.39
SOUTH,2025-06-17,10644.99,229441.38
SOUTH,2025-06-18,14954.6,244395.99
SOUTH,2025-06-20,808.2,245204.19
SOUTH,2025-06-23,915.98,246120.17
SOUTH,2025-06-24,2982.77,249102.93
SOUTH,2025-06-25,3427.72,252530.66
SOUTH,2025-06-26,5530.05,258060.71
SOUTH,2025-06-27,6778.77,264839.48
SOUTH,2025-06-28,1202.46,266041.94
SOUTH,2025-06-30,5382.35,271424.29
SOUTH,2025-07-04,435.37,271859.66
SOUTH,2025-07-06,6897.3,278756.96
SOUTH,2025-07-07,518.64,279275.6
SOUTH,2025-07-09,5360.21,284635.81
SOUTH,2025-07-10,2938.48,287574.29
SOUTH,2025-07-14,2924.16,290498.45
SOUTH,2025-07-15,5985.49,296483.94
SOUTH,2025-07-22,3328.02,299811.96
SOUTH,2025-07-26,3750.85,303562.81
SOUTH,2025-07-30,16146.73,319709.55
SOUTH,2025-07-31,14258.17,333967.72
SOUTH,2025-08-02,-2877.56,331090.15
SOUTH,2025-08-04,5351.43,336441.59
SOUTH,2025-08-08,1357.84,337799.43
SOUTH,2025-08-11,14599.99,352399.42
SOUTH,2025-08-12,2313.6,354713.02
SOUTH,2025-08-13,3765.2,358478.22
SOUTH,2025-08-17,1625.23,360103.45
SOUTH,2025-08-19,7635.81,367739.26
SOUTH,2025-08-20,6594.01,374333.27
SOUTH,2025-08-26,12687.1,387020.37
SOUTH,2025-08-28,51.24,387071.61
SOUTH,2025-08-29,6171.88,393243.49
SOUTH,2025-08-31,668.36,393911.85
SOUTH,2025-09-03,6602.07,400513.92
SOUTH,2025-09-10,5604.77,406118.7
SOUTH,2025-09-12,1819.13,407937.82
SOUTH,2025-09-14,3725.55,411663.37
SOUTH,2025-09-16,967.28,412630.65
SOUTH,2025-09-19,4390.36,417021.01
SOUTH,2025-09-21,4725.65,421746.66
SOUTH,2025-09-22,14940.84,436687.5
SOUTH,2025-09-24,2638.07,439325.57
SOUTH,2025-09-26,571.37,439896.94
SOUTH,2025-09-30,4800.88,444697.82
SOUTH,2025-10-03,9571.43,454269.25
SOUTH,2025-10-04,11617.85,465887.09
SOUTH,2025-10-11,11154.7,477041.8
SOUTH,2025-10-12,4354.28,481396.08
SOUTH,2025-10-13,325.52,481721.6
SOUTH,2025-10-15,11629.1,493350.7
SOUTH,2025-10-19,9262.96,502613.66
SOUTH,2025-10-21,1063.73,503677.4
SOUTH,2025-10-23,10019.72,513697.12
SOUTH,2025-10-28,2241.09,515938.21
SOUTH,2025-10-29,110.24,516048.45
SOUTH,2025-10-31,4595.82,520644.27
SOUTH,2025-11-02,11968.48,532612.75
SOUTH,2025-11-05,8692.47,541305.21
SOUTH,2025-11-07,6746.4,548051.61
SOUTH,2025-11-11,1443.94,549495.56
SOUTH,2025-11-12,5793.3,555288.86
SOUTH,2025-11-13,3905.64,559194.5
SOUTH,2025-11-17,9664.5,568859.0
SOUTH,2025-11-19,5346.73,574205.73
SOUTH,2025-11-20,4347.06,578552.79
SOUTH,2025-11-21,5676.94,584229.74
SOUTH,2025-11-25,592.72,584822.46
SOUTH,2025-11-26,10834.67,595657.13
SOUTH,2025-12-01,13884.5,609541.63
SOUTH,2025-12-02,9162.68,618704.31
SOUTH,2025-12-05,13458.84,632163.14
SOUTH,2025-12-08,5101.93,637265.08
SOUTH,2025-12-11,262.23,637527.31
SOUTH,2025-12-12,6767.79,644295.09
SOUTH,2025-12-13,6607.34,650902.43
SOUTH,2025-12-14,1793.3,652695.73
SOUTH,2025-12-15,15827.57,668523.29
SOUTH,2025-12-19,2994.82,671518.12
SOUTH,2025-12-20,12639.01,684157.12
SOUTH,2025-12-24,11499.44,695656.57
SOUTH,2025-12-25,1507.84,697164.4
SOUTH,2025-12-26,10590.78,707755.18
SOUTH,2025-12-27,5133.01,712888.19
SOUTH,2025-12-28,5326.6,718214.79
SOUTH,2025-12-31,1227.53,719442.32
SOUTH,2026-01-01,9878.99,729321.31
SOUTH,2026-01-02,282.55,729603.86
SOUTH,2026-01-03,6761.25,736365.11
SOUTH,2026-01-07,9147.17,745512.28
SOUTH,2026-01-09,6099.22,751611.5
SOUTH,2026-01-11,4036.5,755648.0
SOUTH,2026-01-13,8242.67,763890.68
SOUTH,2026-01-14,705.14,764595.81
SOUTH,2026-01-18,4623.76,769219.57
SOUTH,2026-01-20,7747.6,776967.17
SOUTH,2026-01-21,3084.69,780051.86
SOUTH,2026-01-25,15735.54,795787.41
SOUTH,2026-01-26,225.72,796013.13
SOUTH,2026-01-30,4016.58,800029.71
SOUTH,2026-02-01,1820.36,801850.07
SOUTH,2026-02-02,83.04,801933.11
SOUTH,2026-02-06,8950.91,810884.02
SOUTH,2026-02-07,2941.74,813825.76
SOUTH,2026-02-09,767.39,814593.15
SOUTH,2026-02-10,18285.94,832879.09
SOUTH,2026-02-12,9466.32,842345.41
SOUTH,2026-02-13,658.75,843004.16
SOUTH,2026-02-16,10393.83,853397.99
SOUTH,2026-02-17,10675.06,864073.05
SOUTH,2026-02-19,3708.17,867781.21
SOUTH,2026-02-20,9638.28,877419.5
SOUTH,2026-02-23,6739.38,884158.88
SOUTH,2026-02-24,11595.57,895754.45
SOUTH,2026-02-26,4468.19,900222.64
SOUTH,2026-03-02,11705.05,911927.69
SOUTH,2026-03-03,1132.86,913060.55
SOUTH,2026-03-04,4015.13,917075.67
SOUTH,2026-03-05,2996.9,920072.57
SOUTH,2026-03-07,2679.09,922751.66
SOUTH,2026-03-09,3578.53,926330.19
SOUTH,2026-03-10,3081.75,929411.93
SOUTH,2026-03-13,2720.69,932132.62
SOUTH,2026-03-16,13969.06,946101.68
SOUTH,2026-03-19,5761.39,951863.07
SOUTH,2026-03-20,7619.39,959482.46
SOUTH,2026-03-21,5519.74,965002.21
SOUTH,2026-03-22,5607.81,970610.02
SOUTH,2026-03-24,17948.9,988558.92
SOUTH,2026-03-27,10708.64,999267.57
SOUTH,2026-03-30,17442.58,1016710.14
SOUTH,2026-03-31,3513.51,1020223.66
SOUTH,2026-04-01,7540.35,1027764.01
SOUTH,2026-04-02,3633.85,1031397.86
SOUTH,2026-04-03,11640.05,1043037.9
SOUTH,2026-04-04,6443.57,1049481.47
SOUTH,2026-04-05,5104.57,1054586.04
SOUTH,2026-04-07,10989.38,1065575.43
SOUTH,2026-04-09,18427.07,1084002.5
SOUTH,2026-04-11,3384.15,1087386.65
SOUTH,2026-04-12,4043.04,1091429.69
SOUTH,2026-04-13,6824.31,1098253.99
SOUTH,2026-04-16,3263.5,1101517.49
SOUTH,2026-04-18,1757.4,1103274.9
SOUTH,2026-04-19,3765.07,1107039.96
SOUTH,2026-04-20,3917.09,1110957.05
SOUTH,2026-04-22,3943.07,1114900.12
SOUTH,2026-04-24,1407.89,1116308.01
SOUTH,2026-04-25,5814.1,1122122.11
SOUTH,2026-04-30,17469.48,1139591.59
SOUTH,2026-05-01,1681.7,1141273.29
SOUTH,2026-05-02,2241.24,1143514.53
SOUTH,2026-05-03,8734.78,1152249.31
SOUTH,2026-05-04,1219.4,1153468.71
SOUTH,2026-05-05,242.69,1153711.4
SOUTH,2026-05-06,183.73,1153895.13
SOUTH,2026-05-10,3167.1,1157062.23
SOUTH,2026-05-12,-2758.98,1154303.25
SOUTH,2026-05-13,2133.8,1156437.05
SOUTH,2026-05-14,17035.94,1173472.99
SOUTH,2026-05-15,5022.49,1178495.47
SOUTH,2026-05-16,2842.04,1181337.51
SOUTH,2026-05-17,4135.35,1185472.86
SOUTH,2026-05-18,2284.8,1187757.66
SOUTH,2026-05-19,1972.93,1189730.59
SOUTH,2026-05-20,3735.85,1193466.43
SOUTH,2026-05-21,2519.98,1195986.41
SOUTH,2026-05-22,1932.73,1197919.14
SOUTH,2026-05-23,5791.12,1203710.26
SOUTH,2026-05-24,836.5,1204546.76
SOUTH,2026-05-25,682.07,1205228.83
SOUTH,2026-05-26,18039.51,1223268.35
SOUTH,2026-05-27,6102.83,1229371.18
SOUTH,2026-05-28,19699.49,1249070.68
SOUTH,2026-05-30,-3437.29,1245633.39
SOUTH,2026-06-01,4494.77,1250128.16
SOUTH,2026-06-02,10028.26,1260156.42
SOUTH,2026-06-03,3177.56,1263333.98
SOUTH,2026-06-05,9759.3,1273093.28
SOUTH,2026-06-06,8171.01,1281264.29
SOUTH,2026-06-07,12726.86,1293991.15
SOUTH,2026-06-08,3624.37,1297615.51
SOUTH,2026-06-10,4425.18,1302040.7
SOUTH,2026-06-11,16874.26,1318914.95
SOUTH,2026-06-12,9900.61,1328815.56
SOUTH,2026-06-13,2021.22,1330836.78
SOUTH,2026-06-14,12131.19,1342967.97
SOUTH,2026-06-17,16620.45,1359588.42
SOUTH,2026-06-18,18965.83,1378554.25
SOUTH,2026-06-19,10968.84,1389523.09
SOUTH,2026-06-20,13812.5,1403335.59
SOUTH,2026-06-21,11874.32,1415209.9
SOUTH,2026-06-22,10251.49,1425461.39
SOUTH,2026-06-24,16856.44,1442317.83
SOUTH,2026-06-25,3060.52,1445378.34
SOUTH,2026-06-26,12848.16,1458226.5
SOUTH,2026-06-27,9426.77,1467653.27
SOUTH,2026-06-28,258.55,1467911.83
SOUTH,2026-06-29,6180.87,1474092.7
SOUTH,2026-06-30,-2369.74,1471722.96
SOUTH,2026-07-01,5118.18,1476841.14
SOUTH,2026-07-02,10810.42,1487651.56
SOUTH,2026-07-03,10810.16,1498461.72
SOUTH,2026-07-05,11733.25,1510194.96
SOUTH,2026-07-06,5906.76,1516101.73
SOUTH,2026-07-07,2678.65,1518780.38
SOUTH,2026-07-09,22121.51,1540901.88
WEST,2024-07-02,-1639.45,-1639.45
WEST,2024-07-23,7190.39,5550.94
WEST,2024-07-26,2474.21,8025.15
WEST,2024-08-04,3463.94,11489.1
WEST,2024-08-14,5863.78,17352.87
WEST,2024-09-04,6928.84,24281.71
WEST,2024-09-15,6824.68,31106.39
WEST,2024-09-18,2907.41,34013.81
WEST,2024-09-19,2418.44,36432.25
WEST,2024-10-01,814.62,37246.87
WEST,2024-10-07,6192.94,43439.81
WEST,2024-10-18,3582.14,47021.95
WEST,2024-10-31,3839.44,50861.39
WEST,2024-11-05,1598.36,52459.75
WEST,2024-11-14,1210.09,53669.84
WEST,2024-11-22,2366.83,56036.67
WEST,2024-11-24,-3292.97,52743.7
WEST,2024-12-08,7752.9,60496.6
WEST,2024-12-19,7336.89,67833.49
WEST,2024-12-23,-1158.01,66675.48
WEST,2024-12-25,3634.84,70310.31
WEST,2024-12-26,5862.54,76172.85
WEST,2024-12-28,5350.44,81523.29
WEST,2025-01-04,441.46,81964.74
WEST,2025-01-06,919.52,82884.26
WEST,2025-01-14,7544.35,90428.61
WEST,2025-01-19,7635.98,98064.59
WEST,2025-01-25,13655.83,111720.42
WEST,2025-02-08,6016.5,117736.92
WEST,2025-02-12,13611.64,131348.56
WEST,2025-02-13,5189.66,136538.22
WEST,2025-02-16,3903.52,140441.73
WEST,2025-02-20,2167.06,142608.79
WEST,2025-02-22,6042.98,148651.77
WEST,2025-03-03,6771.2,155422.98
WEST,2025-03-04,7630.91,163053.89
WEST,2025-03-07,3196.69,166250.58
WEST,2025-03-10,3011.72,169262.3
WEST,2025-03-18,2531.48,171793.78
WEST,2025-03-21,795.4,172589.18
WEST,2025-03-26,6405.14,178994.32
WEST,2025-03-28,4113.24,183107.56
WEST,2025-04-04,2606.68,185714.24
WEST,2025-04-12,14192.93,199907.17
WEST,2025-04-17,9652.34,209559.52
WEST,2025-04-24,25.23,209584.75
WEST,2025-04-26,6875.02,216459.77
WEST,2025-04-27,15397.66,231857.43
WEST,2025-04-28,6333.98,238191.41
WEST,2025-04-29,900.8,239092.21
WEST,2025-04-30,4318.13,243410.33
WEST,2025-05-01,11874.65,255284.98
WEST,2025-05-03,2195.55,257480.53
WEST,2025-05-05,4327.11,261807.64
WEST,2025-05-07,90.47,261898.11
WEST,2025-05-09,4974.63,266872.74
WEST,2025-05-10,3097.36,269970.1
WEST,2025-05-12,2253.38,272223.47
WEST,2025-05-14,15452.66,287676.13
WEST,2025-05-20,3540.81,291216.94
WEST,2025-05-27,1716.86,292933.8
WEST,2025-05-31,1928.77,294862.57
WEST,2025-06-02,9249.19,304111.76
WEST,2025-06-06,10360.56,314472.32
WEST,2025-06-08,1047.5,315519.82
WEST,2025-06-13,172.02,315691.84
WEST,2025-06-17,2855.29,318547.13
WEST,2025-06-19,5825.95,324373.07
WEST,2025-06-26,3420.1,327793.17
WEST,2025-06-27,9672.95,337466.13
WEST,2025-06-28,5215.86,342681.98
WEST,2025-07-01,939.48,343621.46
WEST,2025-07-05,6105.98,349727.44
WEST,2025-07-07,5916.85,355644.29
WEST,2025-07-08,201.96,355846.25
WEST,2025-07-15,1647.62,357493.87
WEST,2025-07-16,1808.08,359301.95
WEST,2025-07-17,4897.92,364199.87
WEST,2025-07-18,12563.02,376762.89
WEST,2025-07-26,272.2,377035.09
WEST,2025-07-29,6575.82,383610.91
WEST,2025-07-31,7530.65,391141.55
WEST,2025-08-01,-1346.23,389795.33
WEST,2025-08-05,-1258.06,388537.27
WEST,2025-08-09,2008.42,390545.69
WEST,2025-08-12,5451.5,395997.19
WEST,2025-08-13,3028.3,399025.48
WEST,2025-08-14,7283.08,406308.56
WEST,2025-08-20,3489.76,409798.33
WEST,2025-08-24,8969.62,418767.94
WEST,2025-08-27,3683.91,422451.85
WEST,2025-08-30,3241.5,425693.35
WEST,2025-09-04,1535.96,427229.32
WEST,2025-09-12,2819.82,430049.14
WEST,2025-09-13,4789.34,434838.48
WEST,2025-09-14,3996.02,438834.5
WEST,2025-09-15,4629.55,443464.05
WEST,2025-09-18,5889.59,449353.65
WEST,2025-09-19,1534.81,450888.46
WEST,2025-09-21,4295.08,455183.53
WEST,2025-09-22,7808.13,462991.66
WEST,2025-09-23,3733.63,466725.29
WEST,2025-09-24,5420.4,472145.69
WEST,2025-09-25,6278.19,478423.88
WEST,2025-10-01,4522.39,482946.27
WEST,2025-10-03,2041.94,484988.21
WEST,2025-10-04,283.5,485271.7
WEST,2025-10-05,7026.81,492298.52
WEST,2025-10-07,22831.95,515130.47
WEST,2025-10-09,11055.1,526185.57
WEST,2025-10-12,5103.1,531288.67
WEST,2025-10-13,8316.22,539604.89
WEST,2025-10-15,7781.71,547386.6
WEST,2025-10-16,5002.36,552388.96
WEST,2025-10-17,-3321.65,549067.31
WEST,2025-10-18,2868.08,551935.39
WEST,2025-10-20,3460.93,555396.31
WEST,2025-10-21,2839.07,558235.38
WEST,2025-10-24,333.4,558568.78
WEST,2025-10-26,5317.69,563886.47
WEST,2025-10-27,3523.62,567410.09
WEST,2025-10-28,9618.97,577029.06
WEST,2025-10-29,3076.56,580105.62
WEST,2025-11-04,1874.3,581979.92
WEST,2025-11-05,2328.81,584308.73
WEST,2025-11-06,4112.31,588421.04
WEST,2025-11-07,3912.88,592333.92
WEST,2025-11-08,4061.68,596395.6
WEST,2025-11-11,7478.75,603874.35
WEST,2025-11-12,3651.81,607526.16
WEST,2025-11-15,4255.0,611781.16
WEST,2025-11-17,6279.29,618060.45
WEST,2025-11-27,2998.8,621059.26
WEST,2025-11-28,7476.6,628535.86
WEST,2025-12-03,858.87,629394.73
WEST,2025-12-08,1162.45,630557.18
WEST,2025-12-10,1371.54,631928.72
WEST,2025-12-11,286.76,632215.48
WEST,2025-12-12,3931.49,636146.97
WEST,2025-12-13,4816.6,640963.57
WEST,2025-12-17,5821.75,646785.32
WEST,2025-12-21,7222.67,654007.99
WEST,2025-12-22,7528.99,661536.99
WEST,2025-12-23,7744.77,669281.76
WEST,2025-12-26,-535.76,668746.0
WEST,2025-12-27,5364.32,674110.32
WEST,2025-12-28,8066.73,682177.05
WEST,2025-12-29,9206.92,691383.97
WEST,2026-01-01,12627.21,704011.18
WEST,2026-01-02,6916.67,710927.85
WEST,2026-01-03,11964.32,722892.16
WEST,2026-01-04,19285.54,742177.7
WEST,2026-01-05,6675.43,748853.13
WEST,2026-01-06,5809.71,754662.84
WEST,2026-01-09,6108.1,760770.94
WEST,2026-01-10,4324.94,765095.87
WEST,2026-01-12,7070.79,772166.66
WEST,2026-01-14,4487.38,776654.04
WEST,2026-01-16,1779.03,778433.07
WEST,2026-01-18,2337.62,780770.69
WEST,2026-01-20,1405.18,782175.88
WEST,2026-01-21,190.64,782366.52
WEST,2026-01-23,2451.78,784818.29
WEST,2026-01-24,6236.25,791054.54
WEST,2026-01-25,7015.11,798069.65
WEST,2026-01-26,9020.69,807090.34
WEST,2026-02-01,375.21,807465.55
WEST,2026-02-02,2714.03,810179.58
WEST,2026-02-11,2374.48,812554.06
WEST,2026-02-16,1249.54,813803.6
WEST,2026-02-17,3044.61,816848.21
WEST,2026-02-20,1571.37,818419.58
WEST,2026-02-21,3340.06,821759.64
WEST,2026-02-23,2657.29,824416.93
WEST,2026-02-24,3762.33,828179.26
WEST,2026-02-25,1683.14,829862.4
WEST,2026-02-26,9732.53,839594.93
WEST,2026-02-27,-1282.51,838312.42
WEST,2026-03-02,2828.64,841141.06
WEST,2026-03-03,10364.08,851505.14
WEST,2026-03-04,3046.8,854551.93
WEST,2026-03-08,8933.81,863485.74
WEST,2026-03-09,10947.14,874432.88
WEST,2026-03-12,12451.08,886883.96
WEST,2026-03-14,-2662.92,884221.04
WEST,2026-03-15,10021.01,894242.04
WEST,2026-03-16,11436.98,905679.02
WEST,2026-03-18,9214.15,914893.16
WEST,2026-03-20,2168.76,917061.93
WEST,2026-03-21,13346.42,930408.35
WEST,2026-03-22,968.28,931376.63
WEST,2026-03-24,3776.43,935153.06
WEST,2026-03-26,17810.13,952963.19
WEST,2026-03-27,5848.33,958811.52
WEST,2026-03-28,10199.5,969011.02
WEST,2026-03-29,18947.64,987958.66
WEST,2026-03-31,957.13,988915.79
WEST,2026-04-02,3612.46,992528.26
WEST,2026-04-03,4118.22,996646.48
WEST,2026-04-04,6520.41,1003166.89
WEST,2026-04-07,11476.89,1014643.78
WEST,2026-04-08,7376.31,1022020.08
WEST,2026-04-09,6189.61,1028209.7
WEST,2026-04-10,17132.58,1045342.28
WEST,2026-04-12,2361.51,1047703.79
WEST,2026-04-14,4784.59,1052488.38
WEST,2026-04-15,8155.82,1060644.2
WEST,2026-04-16,6453.91,1067098.11
WEST,2026-04-17,307.63,1067405.74
WEST,2026-04-19,1169.96,1068575.7
WEST,2026-04-20,1522.92,1070098.62
WEST,2026-04-21,721.86,1070820.49
WEST,2026-04-22,16170.98,1086991.47
WEST,2026-04-25,19610.79,1106602.25
WEST,2026-04-26,2343.7,1108945.96
WEST,2026-04-27,1594.94,1110540.9
WEST,2026-04-28,1373.01,1111913.91
WEST,2026-04-29,7647.59,1119561.5
WEST,2026-05-02,2357.1,1121918.6
WEST,2026-05-03,3487.73,1125406.33
WEST,2026-05-05,5019.5,1130425.82
WEST,2026-05-06,22205.63,1152631.46
WEST,2026-05-07,3441.45,1156072.9
WEST,2026-05-08,13529.49,1169602.39
WEST,2026-05-09,8781.58,1178383.97
WEST,2026-05-10,1317.2,1179701.18
WEST,2026-05-12,7540.86,1187242.04
WEST,2026-05-13,4528.79,1191770.82
WEST,2026-05-14,2395.08,1194165.9
WEST,2026-05-15,5521.63,1199687.53
WEST,2026-05-16,6532.44,1206219.97
WEST,2026-05-17,4839.44,1211059.41
WEST,2026-05-19,12158.73,1223218.14
WEST,2026-05-20,5533.7,1228751.84
WEST,2026-05-21,10446.8,1239198.64
WEST,2026-05-22,1033.21,1240231.85
WEST,2026-05-23,1070.63,1241302.49
WEST,2026-05-24,2695.52,1243998.01
WEST,2026-05-25,6701.77,1250699.78
WEST,2026-05-26,15896.61,1266596.39
WEST,2026-05-28,4678.59,1271274.97
WEST,2026-05-29,5088.4,1276363.37
WEST,2026-05-31,14561.88,1290925.26
WEST,2026-06-03,-4361.68,1286563.57
WEST,2026-06-05,2703.76,1289267.33
WEST,2026-06-07,15885.09,1305152.42
WEST,2026-06-09,2377.48,1307529.9
WEST,2026-06-10,10651.22,1318181.12
WEST,2026-06-11,1417.36,1319598.48
WEST,2026-06-12,2448.72,1322047.19
WEST,2026-06-13,4182.3,1326229.49
WEST,2026-06-14,9696.53,1335926.02
WEST,2026-06-15,1287.32,1337213.34
WEST,2026-06-16,2171.49,1339384.83
WEST,2026-06-18,1657.43,1341042.26
WEST,2026-06-21,2359.58,1343401.84
WEST,2026-06-22,5274.12,1348675.96
WEST,2026-06-23,3238.37,1351914.33
WEST,2026-06-24,13198.27,1365112.59
WEST,2026-06-25,9482.74,1374595.33
WEST,2026-06-26,5015.37,1379610.71
WEST,2026-06-27,7797.65,1387408.36
WEST,2026-06-28,16292.61,1403700.97
WEST,2026-06-29,12195.81,1415896.77
WEST,2026-06-30,3505.55,1419402.32
WEST,2026-07-01,10245.3,1429647.62
WEST,2026-07-02,6826.83,1436474.45
WEST,2026-07-03,6900.87,1443375.32
WEST,2026-07-05,1183.05,1444558.37
WEST,2026-07-06,17454.53,1462012.89
WEST,2026-07-08,39575.87,1501588.76
WEST,2026-07-09,23461.51,1525050.28
