customer_id,customer_name,email,registration_date,customer_type
C0001,Allison Hill,allison.hill@gmail.com,2024-08-04,REGULAR
C0002,Megan Mcclain,megan.mcclain@gmail.com,2025-10-17,REGULAR
C0003,Brandon Hall,brandon.hall@hotmail.com,2024-02-11,REGULAR
C0004,Michelle Miles,michelle.miles@yahoo.com,2024-12-08,REGULAR
C0005,Donald Booth,donald.booth@gmail.com,2025-10-18,PREMIUM
C0006,Christopher Bernard,christopher.bernard@yahoo.com,2024-06-07,REGULAR
C0007,Brent Abbott,brent.abbott@hotmail.com,2025-02-14,PREMIUM
C0008,Monica Herrera,monica.herrera@yahoo.com,2024-05-02,REGULAR
C0009,Sandra Montgomery,sandra.montgomery@yahoo.com,2024-10-25,REGULAR
C0010,Amber Perez,amber.perez@yahoo.com,2024-05-03,REGULAR
C0011,Sharon James,sharon.james@yahoo.com,2025-07-20,REGULAR
C0012,Henry Santiago,henry.santiago@hotmail.com,2024-04-20,REGULAR
C0013,Carolyn Daniel,carolyn.daniel@gmail.com,2025-12-19,REGULAR
C0014,William Bowman,william.bowman@hotmail.com,2024-12-07,REGULAR
C0015,Sarah Parsons,sarah.parsons@gmail.com,2024-02-19,REGULAR
C0016,Jennifer Jones,jennifer.jones@hotmail.com,2025-05-03,REGULAR
C0017,Jonathan Wilkerson,jonathan.wilkerson@hotmail.com,2025-12-13,REGULAR
C0018,Charles Mcgee,charles.mcgee@hotmail.com,2025-02-12,REGULAR
C0019,Jessica Silva,jessica.silva@yahoo.com,2024-12-06,PREMIUM
C0020,Brenda Snyder PhD,brenda.snyder.phd@gmail.com,2024-08-25,REGULAR
C0021,Rebecca Henderson,rebecca.henderson@gmail.com,2025-08-20,PREMIUM
C0022,Zachary Rice,zachary.rice@hotmail.com,2024-01-18,REGULAR
C0023,Ashley Dyer,ashley.dyer@yahoo.com,2025-06-12,REGULAR
C0024,Jeffrey Chavez,jeffrey.chavez@hotmail.com,2025-02-13,REGULAR
C0025,Pamela Romero,pamela.romero@gmail.com,2025-04-08,VIP
C0026,Katie Gonzalez,katie.gonzalez@yahoo.com,2024-09-07,REGULAR
C0027,Paula Moreno,paula.moreno@gmail.com,2025-05-18,REGULAR
C0028,Brian Cox DVM,brian.cox.dvm@yahoo.com,2025-01-06,REGULAR
C0029,Shawn Arroyo,shawn.arroyo@gmail.com,2026-01-24,PREMIUM
C0030,Vanessa Patel,vanessa.patel@gmail.com,2024-07-18,REGULAR
C0031,Theresa Martin,theresa.martin@hotmail.com,2025-10-19,PREMIUM
C0032,Tanya Campos,tanya.campos@hotmail.com,2024-11-08,PREMIUM
C0033,Jennifer Powers,jennifer.powers@yahoo.com,2025-11-11,REGULAR
C0034,Jocelyn Wright,jocelyn.wright@gmail.com,2025-06-09,VIP
C0035,Julian Chapman,julian.chapman@gmail.com,2024-04-20,REGULAR
C0036,Amy Jones,amy.jones@gmail.com,2025-05-28,REGULAR
C0037,David Caldwell,david.caldwell@gmail.com,2026-04-17,PREMIUM
C0038,Timothy Duncan,timothy.duncan@yahoo.com,2025-01-12,REGULAR
C0039,Rhonda Lee,rhonda.lee@gmail.com,2025-10-31,PREMIUM
C0040,Jason Shields,jason.shields@gmail.com,2024-06-01,REGULAR
C0041,Nicholas Mcbride,nicholas.mcbride@gmail.com,2025-01-21,PREMIUM
C0042,Joshua Taylor,joshua.taylor@gmail.com,2025-03-08,REGULAR
C0043,Shannon Jones,shannon.jones@hotmail.com,2024-06-01,REGULAR
C0044,Zachary Huff,zachary.huff@gmail.com,2025-01-02,REGULAR
C0045,John Lewis,john.lewis@yahoo.com,2024-04-01,REGULAR
C0046,Aaron Myers,aaron.myers@yahoo.com,2025-03-19,REGULAR
C0047,Tyler Cowan,tyler.cowan@hotmail.com,2026-01-26,REGULAR
C0048,Edward Novak,edward.novak@hotmail.com,2026-04-22,REGULAR
C0049,Erik Williams,erik.williams@yahoo.com,2026-02-20,REGULAR
C0050,Kim Brown,kim.brown@hotmail.com,2024-05-04,REGULAR
C0051,Andrea Jones,andrea.jones@gmail.com,2025-09-19,REGULAR
C0052,Steve Sanchez,steve.sanchez@hotmail.com,2024-03-02,REGULAR
C0053,Jennifer Silva,jennifer.silva@hotmail.com,2025-05-06,REGULAR
C0054,Christina Moran,christina.moran@gmail.com,2025-02-16,VIP
C0055,Michael Evans,michael.evans@yahoo.com,2024-04-22,REGULAR
C0056,Marc Hart,marc.hart@gmail.com,2024-04-23,REGULAR
C0057,Katie Anderson,katie.anderson@yahoo.com,2024-04-16,REGULAR
C0058,Jaclyn Moore,jaclyn.moore@hotmail.com,2025-04-14,PREMIUM
C0059,Victoria Valdez,victoria.valdez@gmail.com,2026-05-11,REGULAR
C0060,Matthew Mcmillan,matthew.mcmillan@gmail.com,2025-02-14,REGULAR
C0061,Brian Tran,brian.tran@yahoo.com,2025-03-13,VIP
C0062,Michelle Harris,michelle.harris@hotmail.com,2025-02-14,REGULAR
C0063,Danielle Odonnell,danielle.odonnell@gmail.com,2024-05-23,REGULAR
C0064,Sandra Williams,sandra.williams@yahoo.com,2024-07-22,REGULAR
C0065,Deborah Figueroa,deborah.figueroa@hotmail.com,2025-10-26,PREMIUM
C0066,Ashley Landry,ashley.landry@hotmail.com,2024-08-19,PREMIUM
C0067,Sandra Aguilar,sandra.aguilar@gmail.com,2025-10-29,REGULAR
C0068,Eric Nolan,eric.nolan@gmail.com,2025-07-09,REGULAR
C0069,David Garcia,david.garcia@hotmail.com,2025-09-23,REGULAR
C0070,Nicole Frost,nicole.frost@gmail.com,2024-09-09,REGULAR
C0071,Rita Keith,rita.keith@gmail.com,2024-10-05,REGULAR
C0072,Evelyn Galvan,evelyn.galvan@hotmail.com,2025-01-20,VIP
C0073,Richard Rodriguez,richard.rodriguez@gmail.com,2026-01-01,PREMIUM
C0074,Robert Stevens,robert.stevens@yahoo.com,2024-12-19,REGULAR
C0075,Matthew Ross,matthew.ross@yahoo.com,2024-04-17,REGULAR
C0076,Diana May,diana.may@yahoo.com,2026-04-12,REGULAR
C0077,Alexander Wiley,alexander.wiley@yahoo.com,2024-10-04,VIP
C0078,Victoria Johnson,victoria.johnson@hotmail.com,2025-11-06,REGULAR
C0079,Richard Graham,richard.graham@hotmail.com,2024-06-28,REGULAR
C0080,Kenneth Scott,kenneth.scott@hotmail.com,2025-11-08,REGULAR
C0081,Timothy Ryan,timothy.ryan@hotmail.com,2024-11-02,REGULAR
C0082,Benjamin Beck,benjamin.beck@yahoo.com,2025-05-02,REGULAR
C0083,Belinda Mccullough,belinda.mccullough@hotmail.com,2025-04-25,REGULAR
C0084,Erika Terry,erika.terry@hotmail.com,2024-07-16,PREMIUM
C0085,Maurice Gray,maurice.gray@hotmail.com,2024-09-27,REGULAR
C0086,Elizabeth Kelley,elizabeth.kelley@gmail.com,2025-04-17,REGULAR
C0087,Jeffrey Carpenter,jeffrey.carpenter@hotmail.com,2025-05-15,VIP
C0088,Jeremy Lewis,jeremy.lewis@yahoo.com,2024-09-20,REGULAR
C0089,Diane Beck,diane.beck@hotmail.com,2025-06-04,REGULAR
C0090,Trevor Young,trevor.young@yahoo.com,2024-12-14,REGULAR
C0091,Brittany Williams,brittany.williams@yahoo.com,2024-04-23,REGULAR
C0092,Stephen Johnston,stephen.johnston@hotmail.com,2025-08-19,REGULAR
C0093,David Douglas Jr.,david.douglas.jr.@gmail.com,2025-10-22,PREMIUM
C0094,Robert Dominguez,robert.dominguez@yahoo.com,2024-03-19,REGULAR
C0095,Sylvia Martinez,sylvia.martinez@gmail.com,2025-12-22,REGULAR
C0096,Victoria Larson,victoria.larson@yahoo.com,2026-02-23,REGULAR
C0097,Terry Griffin,terry.griffin@gmail.com,2026-01-07,VIP
C0098,Paul Larsen,paul.larsen@yahoo.com,2026-03-20,REGULAR
C0099,Mr. Jeremiah Reeves,mr..jeremiah.reeves@gmail.com,2025-02-26,VIP
C0100,Steven Miller,steven.miller@gmail.com,2024-12-25,PREMIUM
C0101,Christian Lewis,christian.lewis@yahoo.com,2025-09-25,REGULAR
C0102,John Brown,john.brown@yahoo.com,2025-08-28,PREMIUM
C0103,Lauren Dominguez,lauren.dominguez@hotmail.com,2025-08-13,REGULAR
C0104,Tommy Evans,tommy.evans@yahoo.com,2025-10-12,REGULAR
C0105,Morgan Marsh,morgan.marsh@gmail.com,2026-01-28,REGULAR
C0106,Jeffrey Johnson,jeffrey.johnson@yahoo.com,2025-09-20,REGULAR
C0107,Sara Calhoun,sara.calhoun@hotmail.com,2026-04-09,REGULAR
C0108,James Elliott,james.elliott@gmail.com,2024-05-10,REGULAR
C0109,Brandy Murray,brandy.murray@gmail.com,2025-02-08,REGULAR
C0110,Daniel Murphy,daniel.murphy@yahoo.com,2025-03-08,VIP
C0111,Sandra King,sandra.king@gmail.com,2025-12-31,PREMIUM
C0112,Joshua Cooke,joshua.cooke@yahoo.com,2024-12-14,REGULAR
C0113,Rachael Pearson,rachael.pearson@gmail.com,2025-01-19,REGULAR
C0114,Alex Hernandez,alex.hernandez@gmail.com,2026-01-05,REGULAR
C0115,Kristy Robinson,kristy.robinson@hotmail.com,2025-02-02,VIP
C0116,Carol Lawson,carol.lawson@hotmail.com,2024-06-26,PREMIUM
C0117,Carla Collins,carla.collins@hotmail.com,2024-02-09,REGULAR
C0118,Laura Odonnell,laura.odonnell@yahoo.com,2025-09-08,REGULAR
C0119,Christina Vargas,christina.vargas@hotmail.com,2025-01-12,REGULAR
C0120,Raymond Jefferson,raymond.jefferson@hotmail.com,2024-07-07,REGULAR
C0121,Kylie Williams,kylie.williams@hotmail.com,2025-10-27,PREMIUM
C0122,Andrea Holland,andrea.holland@gmail.com,2025-10-14,REGULAR
C0123,Ashley Yu,ashley.yu@hotmail.com,2025-12-15,PREMIUM
C0124,Jessica Gross,jessica.gross@hotmail.com,2025-02-23,REGULAR
C0125,Tamara Hampton,tamara.hampton@yahoo.com,2025-11-07,REGULAR
C0126,Leslie Morris,leslie.morris@gmail.com,2024-05-14,REGULAR
C0127,Jerry Christensen,jerry.christensen@hotmail.com,2025-08-11,REGULAR
C0128,Johnny Nguyen,johnny.nguyen@yahoo.com,2024-11-25,VIP
C0129,David Ramirez,david.ramirez@hotmail.com,2025-03-05,PREMIUM
C0130,Kellie Lee,kellie.lee@gmail.com,2025-09-23,PREMIUM
C0131,Peter Vaughn DDS,peter.vaughn.dds@yahoo.com,2025-11-27,REGULAR
C0132,Anna Walker,anna.walker@hotmail.com,2025-01-12,REGULAR
C0133,Kevin Kennedy,kevin.kennedy@hotmail.com,2025-06-18,PREMIUM
C0134,Patrick Rivera,patrick.rivera@hotmail.com,2025-12-05,VIP
C0135,David Martinez,david.martinez@gmail.com,2025-05-05,REGULAR
C0136,Joshua Gill,joshua.gill@gmail.com,2024-10-24,REGULAR
C0137,John Hardy,john.hardy@hotmail.com,2025-03-15,REGULAR
C0138,Dr. Elizabeth Ward,dr..elizabeth.ward@yahoo.com,2024-01-22,PREMIUM
C0139,Beth Williams,beth.williams@gmail.com,2026-05-09,PREMIUM
C0140,Tony Little,tony.little@yahoo.com,2024-06-08,REGULAR
C0141,Laura Harrison,laura.harrison@yahoo.com,2025-06-13,REGULAR
C0142,Anthony Everett,anthony.everett@yahoo.com,2024-06-26,REGULAR
C0143,Jennifer Jones,jennifer.jones@hotmail.com,2024-03-24,REGULAR
C0144,Robert Avery,robert.avery@gmail.com,2025-01-20,PREMIUM
C0145,Phillip Obrien,phillip.obrien@hotmail.com,2024-12-16,REGULAR
C0146,Jamie Kerr,jamie.kerr@yahoo.com,2025-10-28,REGULAR
C0147,Marc Lynch,marc.lynch@hotmail.com,2024-06-03,REGULAR
C0148,Christine Clark,christine.clark@hotmail.com,2024-05-06,PREMIUM
C0149,Christopher Jones,christopher.jones@gmail.com,2025-09-26,REGULAR
C0150,Kirk Carter,kirk.carter@gmail.com,2025-03-23,REGULAR
C0151,Michele Gibson,michele.gibson@hotmail.com,2024-12-28,VIP
C0152,Rachel Weber,rachel.weber@hotmail.com,2024-11-03,REGULAR
C0153,Joshua Holland,joshua.holland@,2024-08-08,REGULAR
C0154,Christopher Parker,christopher.parker@hotmail.com,2025-03-24,REGULAR
C0155,John Torres,john.torres@yahoo.com,2025-02-26,REGULAR
C0156,Katherine Miller,katherine.miller@gmail.com,2025-11-02,REGULAR
C0157,Lindsey Johnson,lindsey.johnson@gmail.com,2024-02-02,REGULAR
C0158,Miss Debra Williams PhD,miss.debra.williams.phd@yahoo.com,2026-03-17,REGULAR
C0159,Sydney White,sydney.white@hotmail.com,2025-11-08,REGULAR
C0160,Katherine Davis,katherine.davis@yahoo.com,2025-09-26,REGULAR
C0161,Michael Hodge,michael.hodge@yahoo.com,2025-10-01,REGULAR
C0162,Donna Landry,donna.landry@hotmail.com,2024-02-27,REGULAR
C0163,Ernest Morris,ernest.morris@yahoo.com,2026-03-10,REGULAR
C0164,April Booth,april.booth@yahoo.com,2025-10-03,VIP
C0165,Joseph Dean,joseph.dean@yahoo.com,2025-11-17,PREMIUM
C0166,Christina Dunn,christina.dunn@yahoo.com,2025-11-11,REGULAR
C0167,Kari Johnson,kari.johnson@hotmail.com,2025-01-06,REGULAR
C0168,Emily Smith,emily.smith@yahoo.com,2024-05-24,REGULAR
C0169,Ryan Wilson,ryan.wilson@gmail.com,2024-08-27,REGULAR
C0170,Dr. Jordan Hill PhD,dr..jordan.hill.phd@yahoo.com,2025-01-13,REGULAR
C0171,Charles Lee,charles.lee@hotmail.com,2026-02-28,VIP
C0172,Breanna Jones,breanna.jones@yahoo.com,2025-06-11,REGULAR
C0173,Katie Hoover,katie.hoover@yahoo.com,2025-04-08,REGULAR
C0174,Lauren Keller,lauren.keller@gmail.com,2025-11-24,PREMIUM
C0175,Haley Arnold,haley.arnold@hotmail.com,2025-08-08,PREMIUM
C0176,Frank Lopez,frank.lopez@hotmail.com,2025-01-05,REGULAR
C0177,Cynthia Rowe,cynthia.rowe@gmail.com,2025-05-09,REGULAR
C0178,Michele Shepherd,michele.shepherd@yahoo.com,2024-08-24,REGULAR
C0179,Andrew Shaw MD,andrew.shaw.md@gmail.com,2025-11-14,REGULAR
C0180,Thomas Smith,thomas.smith@gmail.com,2025-09-28,REGULAR
C0181,Tracy Jones,tracy.jones@yahoo.com,2025-06-09,PREMIUM
C0182,Jennifer Miller,jennifer.miller@yahoo.com,2026-04-08,REGULAR
C0183,Eugene Higgins,eugene.higgins@yahoo.com,2026-04-20,VIP
C0184,Barry Welch,barry.welch@yahoo.com,2024-12-19,REGULAR
C0185,Jessica Garcia,jessica.garcia@hotmail.com,2024-06-05,REGULAR
C0186,Michael Berger,michael.berger@gmail.com,2025-05-18,REGULAR
C0187,Elaine Brooks,elaine.brooks@gmail.com,2025-01-14,PREMIUM
C0188,Kylie Sparks,kylie.sparks@gmail.com,2024-09-28,REGULAR
C0189,Seth Harvey,seth.harvey@gmail.com,2026-02-12,REGULAR
C0190,Briana Murray,briana.murray@yahoo.com,2025-12-14,REGULAR
C0191,Adam Ballard,adam.ballard@yahoo.com,2026-04-29,REGULAR
C0192,Jeremy Reed,jeremy.reed@hotmail.com,2025-04-09,REGULAR
C0193,Jessica Wright,jessica.wright@yahoo.com,2024-11-05,REGULAR
C0194,Dr. Ashley James MD,dr..ashley.james.md@yahoo.com,2025-04-03,VIP
C0195,Ronald Foster,ronald.foster@gmail.com,2026-05-29,REGULAR
C0196,Paula Beltran,paula.beltran@hotmail.com,2026-02-10,PREMIUM
C0197,Stephanie Parsons,stephanie.parsons@gmail.com,2025-07-01,REGULAR
C0198,Connor King,connor.king@hotmail.com,2024-07-31,REGULAR
C0199,Stephanie Lucas,stephanie.lucas@yahoo.com,2025-11-15,VIP
C0200,Jacob Anderson,jacob.anderson@yahoo.com,2025-05-22,PREMIUM
C0201,Casey Anderson,casey.anderson@hotmail.com,2025-07-22,VIP
C0202,Susan Rivas,susan.rivas@yahoo.com,2026-01-18,VIP
C0203,Elizabeth Harrell,elizabeth.harrell@gmail.com,2025-12-28,PREMIUM
C0204,Brenda Levy,brenda.levy@hotmail.com,2025-09-09,REGULAR
C0205,Regina Diaz,regina.diaz@yahoo.com,2024-01-22,REGULAR
C0206,Caleb Richardson,caleb.richardson@hotmail.com,2025-02-11,REGULAR
C0207,Samantha Bentley,samantha.bentley@gmail.com,2024-12-29,REGULAR
C0208,Manuel Hahn,manuel.hahn@yahoo.com,2024-12-09,REGULAR
C0209,Madison Marshall,madison.marshall@hotmail.com,2025-04-14,REGULAR
C0210,Audrey Williams,audrey.williams@gmail.com,2025-04-17,VIP
C0211,Audrey Young DDS,audrey.young.dds@yahoo.com,2025-12-05,REGULAR
C0212,Travis Horton,travis.horton@hotmail.com,2025-10-13,PREMIUM
C0213,Molly Mcclure,molly.mcclure@hotmail.com,2024-06-02,REGULAR
C0214,Lisa Crosby,lisa.crosby@yahoo.com,2024-02-20,REGULAR
C0215,Claudia Wallace,claudia.wallace@gmail.com,2025-07-17,VIP
C0216,Michael Stephens,michael.stephens@hotmail.com,2025-07-11,VIP
C0217,Donald Donaldson,donald.donaldson@yahoo.com,2024-05-22,REGULAR
C0218,Maria Harper,maria.harper@gmail.com,2024-03-19,PREMIUM
C0219,Dana Martinez,dana.martinez@hotmail.com,2024-11-14,REGULAR
C0220,Phillip Clark,phillip.clark@gmail.com,2024-12-27,REGULAR
C0221,Charles Lester,charles.lester@gmail.com,2025-03-06,VIP
C0222,Brianna Anderson,brianna.anderson@yahoo.com,2024-09-28,REGULAR
C0223,Sean Anderson,sean.anderson@yahoo.com,2025-01-04,REGULAR
C0224,Alexis Baker,alexis.baker@gmail.com,2025-10-15,PREMIUM
C0225,Nichole Alvarez,nichole.alvarez@yahoo.com,2026-03-08,REGULAR
C0226,Jodi Walker,jodi.walker@hotmail.com,2024-03-08,REGULAR
C0227,Susan Hopkins,susan.hopkins@yahoo.com,2025-12-12,REGULAR
C0228,Amanda Lutz,amanda.lutz@yahoo.com,2025-10-24,PREMIUM
C0229,Katherine Browning,katherine.browning@gmail.com,2024-05-05,REGULAR
C0230,Charles Martinez,charles.martinez@hotmail.com,2026-05-01,VIP
C0231,Jane Harper,jane.harper@yahoo.com,2025-12-05,REGULAR
C0232,Jessica Mcguire,jessica.mcguire@gmail.com,2026-05-06,REGULAR
C0233,Cindy Hayes,cindy.hayes@gmail.com,2025-10-04,REGULAR
C0234,Jesse Perry,jesse.perry@gmail.com,2025-04-30,REGULAR
C0235,Maurice Brooks,maurice.brooks@gmail.com,2026-01-06,REGULAR
C0236,Ronald Davis,ronald.davis@gmail.com,2025-08-01,REGULAR
C0237,Kristie Willis,kristie.willis@hotmail.com,2026-05-22,PREMIUM
C0238,Bryan Gomez,bryan.gomez@hotmail.com,2025-10-19,REGULAR
C0239,Michelle Schmitt,michelle.schmitt@hotmail.com,2025-04-30,REGULAR
C0240,Kenneth Lewis,kenneth.lewis@hotmail.com,2026-01-19,REGULAR
C0241,Brian Bruce,brian.bruce@yahoo.com,2024-06-27,REGULAR
C0242,Laura Aguirre,laura.aguirre@hotmail.com,2026-05-14,REGULAR
C0243,Timothy Gallegos,timothy.gallegos@yahoo.com,2024-02-14,REGULAR
C0244,Michael Parker,michael.parker@yahoo.com,2025-06-29,VIP
C0245,Sergio Knight,sergio.knight@yahoo.com,2024-04-18,REGULAR
C0246,Mark Johnson,mark.johnson@hotmail.com,2026-04-04,PREMIUM
C0247,Jason Peterson,jason.peterson@yahoo.com,2025-04-29,REGULAR
C0248,Paula Bradley,paula.bradley@gmail.com,2024-03-22,REGULAR
C0249,Paul Williams,paul.williams@gmail.com,2025-02-26,REGULAR
C0250,Jeff Lawson,jeff.lawson@yahoo.com,2025-02-28,REGULAR
C0251,Jose Reed,jose.reed@gmail.com,2025-03-16,REGULAR
C0252,Leslie Rose,leslie.rose@yahoo.com,2024-03-11,PREMIUM
C0253,William Brown,william.brown@gmail.com,2025-04-13,REGULAR
C0254,Pamela Duran,pamela.duran@yahoo.com,2025-05-24,REGULAR
C0255,Jonathan Jordan,jonathan.jordan@gmail.com,2025-08-13,VIP
C0256,Crystal Hansen,crystal.hansen@hotmail.com,2025-07-04,VIP
C0257,Scott Williams,scott.williams@gmail.com,2025-12-15,REGULAR
C0258,Shannon Johnston,shannon.johnston@hotmail.com,2025-09-20,REGULAR
C0259,Jennifer Wilson,jennifer.wilson@gmail.com,2025-05-19,REGULAR
C0260,Travis Stevens,travis.stevens@hotmail.com,2025-07-16,VIP
C0261,Ryan Sanchez,ryan.sanchez@hotmail.com,2025-09-14,PREMIUM
C0262,Jennifer Collins,jennifer.collins@yahoo.com,2024-12-10,PREMIUM
C0263,Christopher Dixon,christopher.dixon@gmail.com,2026-04-04,REGULAR
C0264,Susan Bailey,susan.bailey@hotmail.com,2024-08-17,REGULAR
C0265,Charles Gonzalez,charles.gonzalez@hotmail.com,2024-08-25,PREMIUM
C0266,Mary Thompson,mary.thompson@hotmail.com,2026-02-06,PREMIUM
C0267,Justin Riley,justin.riley@hotmail.com,2026-05-26,REGULAR
C0268,Victoria Morris,victoria.morris@hotmail.com,2025-05-06,VIP
C0269,Barry Ramos,barry.ramos@yahoo.com,2025-03-02,REGULAR
C0270,Heather Jones,heather.jones@yahoo.com,2025-12-03,REGULAR
C0271,Jacob Mitchell,jacob.mitchell@hotmail.com,2024-05-20,PREMIUM
C0272,Katie Ford,katie.ford@hotmail.com,2024-03-04,REGULAR
C0273,Robert Pearson,robert.pearson@yahoo.com,2026-01-08,REGULAR
C0274,Tina Hayes,tina.hayes@yahoo.com,2024-05-11,VIP
C0275,Carrie Wright,carrie.wright@yahoo.com,2025-11-13,REGULAR
C0276,Lisa Cox,lisa.cox@yahoo.com,2025-08-24,REGULAR
C0277,George Harper,george.harper@hotmail.com,2025-06-03,REGULAR
C0278,Brandon Gregory,brandon.gregory@yahoo.com,2025-01-26,REGULAR
C0279,Mary Escobar,mary.escobar@gmail.com,2025-06-01,REGULAR
C0280,Matthew Rangel,matthew.rangel@yahoo.com,2025-08-31,REGULAR
C0281,Michael Miller,michael.miller@hotmail.com,2025-08-08,PREMIUM
C0282,Erin Anderson,erin.anderson@hotmail.com,2026-03-28,REGULAR
C0283,Michael Romero,michael.romero@gmail.com,2025-07-17,REGULAR
C0284,Trevor Peterson,trevor.peterson@yahoo.com,2024-10-25,REGULAR
C0285,Chad Jones,chad.jones@gmail.com,2026-02-27,REGULAR
C0286,Sandy Stephenson,sandy.stephenson@gmail.com,2025-06-07,VIP
C0287,Lisa Harper,lisa.harper@gmail.com,2024-09-09,PREMIUM
C0288,Michael Weber,michael.weber@gmail.com,2025-11-10,REGULAR
C0289,Jackson Ball,jackson.ball@yahoo.com,2025-03-18,REGULAR
C0290,Rachel Young,rachel.younggmail.com,2025-04-25,REGULAR
C0291,Rachel Mckee,rachel.mckee@gmail.com,2025-07-25,REGULAR
C0292,Laura Alexander,laura.alexander@yahoo.com,2025-08-16,PREMIUM
C0293,Jennifer Martin,jennifer.martin@gmail.com,2024-08-02,REGULAR
C0294,Amy Castillo,amy.castillo@yahoo.com,2026-05-11,REGULAR
C0295,Michelle Black,michelle.black@gmail.com,2025-03-18,PREMIUM
C0296,Christopher Cole,christopher.cole@hotmail.com,2024-08-16,REGULAR
C0297,Anna Lozano,anna.lozano@yahoo.com,2025-06-27,REGULAR
C0298,Jennifer Sanders,jennifer.sanders@yahoo.com,2025-01-01,REGULAR
C0299,Brad Walker,brad.walker@yahoo.com,2024-06-02,REGULAR
C0300,Marie Moody,marie.moody@gmail.com,2024-02-29,PREMIUM
C0301,Ronald Horton,ronald.horton@gmail.com,2025-12-29,VIP
C0302,Aaron Miller,aaron.miller@yahoo.com,2024-12-01,REGULAR
C0303,Kimberly Acosta,kimberly.acosta@hotmail.com,2025-10-19,PREMIUM
C0304,Dwayne Turner,dwayne.turner@gmail.com,2025-01-05,REGULAR
C0305,Riley Bryant,riley.bryant@gmail.com,2026-02-15,REGULAR
C0306,Alexis Robertson,alexis.robertsongmail.com,2024-08-11,REGULAR
C0307,Aaron Gomez,aaron.gomez@hotmail.com,2025-10-09,REGULAR
C0308,Michael Mills,michael.mills@yahoo.com,2024-04-15,PREMIUM
C0309,Kimberly Hartman,kimberly.hartman@hotmail.com,2026-05-10,PREMIUM
C0310,Shane Williams,shane.williams@yahoo.com,2025-08-02,PREMIUM
C0311,Alan Kramer,alan.kramer@yahoo.com,2025-01-09,PREMIUM
C0312,Lori Ingram,lori.ingram@hotmail.com,2025-05-31,REGULAR
C0313,Harold Morgan,harold.morgan@hotmail.com,2024-09-28,REGULAR
C0314,Melinda Pollard,melinda.pollard@yahoo.com,2024-10-10,REGULAR
C0315,Amy Parsons,amy.parsons@yahoo.com,2024-02-27,PREMIUM
C0316,Andrew Gonzalez,andrew.gonzalez@gmail.com,2025-05-05,PREMIUM
C0317,Kaylee Hays,kaylee.hays@hotmail.com,2026-01-05,REGULAR
C0318,Paul Lee,paul.lee@yahoo.com,2024-03-15,REGULAR
C0319,Evelyn Martinez,evelyn.martinez@yahoo.com,2025-11-09,REGULAR
C0320,Natalie Kline,natalie.kline@yahoo.com,2025-06-10,VIP
C0321,Kathleen Jimenez,kathleen.jimenez@hotmail.com,2025-02-18,PREMIUM
C0322,Monica Miller,monica.miller@hotmail.com,2024-10-07,VIP
C0323,Erica Miller,erica.miller@hotmail.com,2025-04-04,PREMIUM
C0324,Lance Simmons,lance.simmons@hotmail.com,2025-11-20,PREMIUM
C0325,Andrew Berg,andrew.berg@yahoo.com,2025-11-06,REGULAR
C0326,William Gould,william.gould@gmail.com,2025-09-23,PREMIUM
C0327,Robert Shelton,robert.shelton@gmail.com,2024-08-09,REGULAR
C0328,Megan Kim,megan.kim@gmail.com,2024-04-14,VIP
C0329,Matthew Cox,matthew.cox@hotmail.com,2024-02-20,PREMIUM
C0330,Meghan Rush,meghan.rush@yahoo.com,2025-11-20,PREMIUM
C0331,Laura Moreno,laura.moreno@yahoo.com,2025-05-03,PREMIUM
C0332,Danielle Wilson,danielle.wilson@hotmail.com,2024-10-16,REGULAR
C0333,Mr. Justin Green III,mr..justin.green.iii@yahoo.com,2024-11-29,PREMIUM
C0334,Donna Hendricks DDS,donna.hendricks.dds@gmail.com,2024-07-29,REGULAR
C0335,Jodi Roach,jodi.roach@yahoo.com,2024-05-16,PREMIUM
C0336,Tracy Downs,tracy.downs@hotmail.com,2025-06-23,PREMIUM
C0337,Krista Roberts,krista.roberts@yahoo.com,2024-09-01,REGULAR
C0338,Tammy Little,tammy.little@yahoo.com,2026-03-01,PREMIUM
C0339,William Conner,william.conner@gmail.com,2026-02-06,REGULAR
C0340,Julian Wood,julian.wood@hotmail.com,2024-07-20,REGULAR
C0341,Angelica Parker,angelica.parkerhotmail.com,2026-01-13,PREMIUM
C0342,Patricia Morrow,patricia.morrow@gmail.com,2024-07-13,REGULAR
C0343,Maria Cole,maria.cole@hotmail.com,2026-03-14,REGULAR
C0344,Shawn Deleon,shawn.deleon@hotmail.com,2024-10-09,REGULAR
C0345,Betty Shaw,betty.shaw@gmail.com,2024-07-11,REGULAR
C0346,Elizabeth Martin,elizabeth.martin@hotmail.com,2024-12-16,PREMIUM
C0347,Todd Jacobson,todd.jacobson@gmail.com,2025-01-24,VIP
C0348,Tyler Hill,tyler.hill@hotmail.com,2025-04-15,REGULAR
C0349,Anna Davidson,anna.davidson@hotmail.com,2024-08-27,REGULAR
C0350,Marcus Winters,marcus.winters@yahoo.com,2026-05-25,REGULAR
C0351,Scott Miller,scott.miller@hotmail.com,2025-02-15,VIP
C0352,Pamela Butler,pamela.butler@hotmail.com,2024-02-17,REGULAR
C0353,Mr. Dylan Frye MD,mr..dylan.frye.md@hotmail.com,2025-09-22,VIP
C0354,Benjamin Brown,benjamin.brown@,2025-10-07,REGULAR
C0355,Mr. Lawrence Edwards,mr..lawrence.edwards@hotmail.com,2025-05-11,VIP
C0356,Shannon Hester,shannon.hester@gmail.com,2025-07-29,REGULAR
C0357,Ashley Allen,ashley.allen@gmail.com,2025-02-19,VIP
C0358,Charles Williams,charles.williams@yahoo.com,2025-10-11,REGULAR
C0359,Sean Moore,sean.moore@yahoo.com,2025-04-30,REGULAR
C0360,Christopher Ferrell,christopher.ferrell@yahoo.com,2026-02-13,REGULAR
C0361,Kathleen Davis,kathleen.davis@yahoo.com,2026-02-24,PREMIUM
C0362,David Aguilar,david.aguilar@gmail.com,2024-03-19,REGULAR
C0363,Kyle Cameron,kyle.cameron@hotmail.com,2026-01-01,REGULAR
C0364,Adam Rodriguez,adam.rodriguez@gmail.com,2025-02-14,REGULAR
C0365,Pamela Diaz,pamela.diaz@yahoo.com,2024-03-20,REGULAR
C0366,Chloe Tran,chloe.tran@gmail.com,2025-08-23,REGULAR
C0367,Pamela Ramirez,pamela.ramirez@hotmail.com,2024-07-03,REGULAR
C0368,Brent Brooks,brent.brooks@yahoo.com,2026-05-16,PREMIUM
C0369,Nicole Gonzalez,nicole.gonzalez@hotmail.com,2025-09-15,REGULAR
C0370,Amber Taylor,amber.taylor@yahoo.com,2026-01-05,VIP
C0371,Brittany Barry,brittany.barry@gmail.com,2025-05-24,REGULAR
C0372,Emily Long,emily.long@hotmail.com,2025-04-09,PREMIUM
C0373,Katie Hicks,katie.hicks@yahoo.com,2026-05-24,PREMIUM
C0374,Robert Richardson,robert.richardson@hotmail.com,2024-06-19,REGULAR
C0375,Lauren Robles,lauren.robles@hotmail.com,2024-02-11,REGULAR
C0376,Deborah Rios,deborah.rios@hotmail.com,2024-12-19,REGULAR
C0377,Lauren Jackson,lauren.jackson@hotmail.com,2025-08-13,REGULAR
C0378,Michael Johnson,michael.johnson@hotmail.com,2024-06-19,REGULAR
C0379,Jeremy Barnes,jeremy.barnes@yahoo.com,2024-11-12,REGULAR
C0380,Reginald Knapp,reginald.knapp@hotmail.com,2024-04-06,PREMIUM
C0381,Kelly Hoffman,kelly.hoffman@hotmail.com,2026-01-13,PREMIUM
C0382,Emily Thompson,emily.thompson@hotmail.com,2025-06-15,REGULAR
C0383,Megan Dillon,megan.dillon@hotmail.com,2025-02-14,REGULAR
C0384,Cheryl Wright,cheryl.wright@hotmail.com,2025-04-08,REGULAR
C0385,William Evans,william.evans@yahoo.com,2024-11-17,REGULAR
C0386,Katherine Castillo,katherine.castillo@hotmail.com,2025-02-28,REGULAR
C0387,Kenneth Daniels,kenneth.daniels@yahoo.com,2025-06-20,REGULAR
C0388,Regina Roberts,regina.roberts@yahoo.com,2024-05-02,REGULAR
C0389,Jeremy Scott,jeremy.scott@yahoo.com,2024-11-28,VIP
C0390,Joshua Fitzpatrick,joshua.fitzpatrick@hotmail.com,2025-02-25,REGULAR
C0391,Luis Matthews,luis.matthews@gmail.com,2024-03-19,VIP
C0392,Kiara Little,kiara.little@gmail.com,2024-06-04,REGULAR
C0393,Mitchell Garcia,mitchell.garcia@gmail.com,2024-01-09,REGULAR
C0394,Vanessa Moore,vanessa.moore@hotmail.com,2026-01-08,REGULAR
C0395,Curtis Maynard,curtis.maynard@yahoo.com,2025-03-19,REGULAR
C0396,Susan Davis,susan.davis@hotmail.com,2024-12-26,REGULAR
C0397,Miranda Zuniga,miranda.zuniga@gmail.com,2025-10-11,REGULAR
C0398,Casey Gillespie,casey.gillespie@yahoo.com,2026-02-08,REGULAR
C0399,Paul Brennan,paul.brennan@yahoo.com,2024-02-28,REGULAR
C0400,Keith Rodriguez,keith.rodriguez@yahoo.com,2025-03-18,REGULAR
C0401,Martin Warren,martin.warren@gmail.com,2026-02-22,REGULAR
C0402,Corey Rodriguez,corey.rodriguez@gmail.com,2025-12-13,REGULAR
C0403,Michelle Smith,michelle.smith@yahoo.com,2025-04-03,REGULAR
C0404,Nicole Thompson,nicole.thompson@hotmail.com,2025-09-21,VIP
C0405,Kaylee Miller,kaylee.miller@hotmail.com,2024-05-28,PREMIUM
C0406,Charles Morris,charles.morris@gmail.com,2024-01-11,REGULAR
C0407,David Molina,david.molina@yahoo.com,2025-04-14,REGULAR
C0408,Laura Green,laura.green@yahoo.com,2025-01-02,REGULAR
C0409,Bryan Parker,bryan.parker@yahoo.com,2026-02-19,REGULAR
C0410,Stacy Carrillo,stacy.carrillo@hotmail.com,2024-07-01,REGULAR
C0411,Teresa Richardson,teresa.richardson@gmail.com,2024-12-06,PREMIUM
C0412,Karen Gibson,karen.gibson@hotmail.com,2025-08-03,PREMIUM
C0413,Joshua Ruiz,joshua.ruiz@hotmail.com,2024-12-05,REGULAR
C0414,Melanie Larson,melanie.larson@gmail.com,2026-03-27,REGULAR
C0415,Michael Miller,michael.miller@hotmail.com,2024-06-23,REGULAR
C0416,Joshua Wagner,joshua.wagner@hotmail.com,2026-04-13,REGULAR
C0417,Garrett Meyer,garrett.meyer@gmail.com,2024-11-15,REGULAR
C0418,Katherine Nolan,katherine.nolan@yahoo.com,2024-03-27,REGULAR
C0419,Jose Bryant,jose.bryant@gmail.com,2026-05-18,PREMIUM
C0420,Robert Cummings,robert.cummings@yahoo.com,2025-01-30,REGULAR
C0421,Nichole Lane,nichole.lane@gmail.com,2025-10-20,REGULAR
C0422,Arthur Mcknight,arthur.mcknight@gmail.com,2026-01-03,REGULAR
C0423,Jason Mack,jason.mack@hotmail.com,2025-10-15,REGULAR
C0424,Steven West,steven.west@yahoo.com,2025-08-06,REGULAR
C0425,Victor Baxter,victor.baxter@gmail.com,2025-06-24,REGULAR
C0426,Willie Long,willie.long@gmail.com,2024-12-11,REGULAR
C0427,Nicole Good,nicole.good@yahoo.com,2026-04-25,REGULAR
C0428,James Hall,james.hall@yahoo.com,2025-06-21,REGULAR
C0429,Colin Golden,colin.golden@gmail.com,2024-02-20,PREMIUM
C0430,Jennifer Miranda,jennifer.miranda@gmail.com,2025-01-08,PREMIUM
C0431,Brian Johnson,brian.johnson@hotmail.com,2024-03-16,REGULAR
C0432,Andrew Gonzales,andrew.gonzales@hotmail.com,2024-12-03,REGULAR
C0433,Patty Taylor,patty.taylor@yahoo.com,2024-12-29,REGULAR
C0434,Monique Flores,monique.flores@hotmail.com,2025-05-13,VIP
C0435,Shawn Odom,shawn.odom@hotmail.com,2024-12-09,REGULAR
C0436,Donald Hawkins,donald.hawkins@hotmail.com,2024-09-29,REGULAR
C0437,Jessica Simpson,jessica.simpson@yahoo.com,2025-08-15,REGULAR
C0438,Emma Butler,emma.butler@gmail.com,2025-04-10,PREMIUM
C0439,Paul Wells,paul.wells@gmail.com,2025-04-12,REGULAR
C0440,Brianna Ford,brianna.ford@gmail.com,2026-05-23,PREMIUM
C0441,Jason Moreno,jason.moreno@yahoo.com,2025-01-12,REGULAR
C0442,Gary Miller,gary.miller@yahoo.com,2025-07-30,VIP
C0443,Nathaniel Lee,nathaniel.lee@yahoo.com,2025-08-08,REGULAR
C0444,Lindsey Russo,lindsey.russo@gmail.com,2026-05-18,VIP
C0445,Daniel Meadows,daniel.meadows@yahoo.com,2024-01-24,PREMIUM
C0446,Colton Figueroa,colton.figueroa@hotmail.com,2026-01-13,REGULAR
C0447,Melissa Padilla,melissa.padilla@yahoo.com,2025-01-06,PREMIUM
C0448,Patricia James,patricia.james@hotmail.com,2025-07-12,REGULAR
C0449,Ian Andrade,ian.andrade@yahoo.com,2024-06-02,PREMIUM
C0450,Miranda Gill,miranda.gill@yahoo.com,2024-11-11,REGULAR
C0451,Jason Hart,jason.hart@gmail.com,2024-08-14,PREMIUM
C0452,Juan Silva,juan.silva@hotmail.com,2025-10-10,PREMIUM
C0453,Craig Hall,craig.hall@hotmail.com,2025-01-16,REGULAR
C0454,Mr. Michael Scott PhD,mr..michael.scott.phd@hotmail.com,2026-02-01,REGULAR
C0455,Nicholas Bell,nicholas.bell@gmail.com,2026-04-29,REGULAR
C0456,Thomas Weaver DDS,thomas.weaver.dds@gmail.com,2026-03-24,REGULAR
C0457,Ryan Landry,ryan.landry@hotmail.com,2024-03-16,PREMIUM
C0458,Jennifer Kirby,jennifer.kirbygmail.com,2024-04-15,REGULAR
C0459,Alexa Wagner,alexa.wagner@yahoo.com,2024-04-03,REGULAR
C0460,Mary Jensen,mary.jensen@yahoo.com,2026-01-27,REGULAR
C0461,Joseph Jenkins,joseph.jenkins@gmail.com,2026-04-02,REGULAR
C0462,Kimberly Mitchell,kimberly.mitchell@hotmail.com,2025-10-30,REGULAR
C0463,Susan Rodriguez,susan.rodriguez@gmail.com,2026-03-25,REGULAR
C0464,Corey Fox,corey.fox@yahoo.com,2025-02-19,REGULAR
C0465,Angela Chung,angela.chung@yahoo.com,2026-05-27,REGULAR
C0466,Michael Evans,michael.evans@gmail.com,2024-02-19,REGULAR
C0467,James Tran,james.tran@gmail.com,2024-01-15,REGULAR
C0468,Angela Bruce,angela.bruce@hotmail.com,2025-05-29,REGULAR
C0469,Shannon Davis,shannon.davis@hotmail.com,2024-03-07,PREMIUM
C0470,Steven Schwartz,steven.schwartz@hotmail.com,2026-01-08,REGULAR
C0471,Thomas Cohen,thomas.cohen@yahoo.com,2026-04-23,REGULAR
C0472,Amanda Mcfarland,amanda.mcfarland@yahoo.com,2024-01-25,REGULAR
C0473,Laurie Goodwin,laurie.goodwin@hotmail.com,2025-09-10,REGULAR
C0474,Elizabeth Elliott,elizabeth.elliott@hotmail.com,2025-08-27,REGULAR
C0475,Kimberly Reyes,kimberly.reyes@hotmail.com,2024-08-05,REGULAR
C0476,Melissa Miller,melissa.miller@hotmail.com,2025-06-21,VIP
C0477,Jeffrey Roberson,jeffrey.roberson@yahoo.com,2025-09-08,REGULAR
C0478,Erin Walters,erin.walters@yahoo.com,2026-02-01,REGULAR
C0479,Juan Bennett,juan.bennett@gmail.com,2025-08-13,PREMIUM
C0480,Luke Yates,luke.yates@hotmail.com,2024-04-24,PREMIUM
C0481,Christian Dawson,christian.dawson@hotmail.com,2024-08-27,REGULAR
C0482,Emily Rodriguez,emily.rodriguez@gmail.com,2025-04-23,REGULAR
C0483,Philip Garcia,philip.garcia@gmail.com,2024-10-18,REGULAR
C0484,Justin Hunt,justin.hunt@gmail.com,2024-02-10,PREMIUM
C0485,Julian Carlson,julian.carlson@yahoo.com,2025-08-21,PREMIUM
C0486,Jason Maxwell,jason.maxwell@hotmail.com,2026-05-19,VIP
C0487,Vanessa Armstrong,vanessa.armstrong@gmail.com,2025-08-14,REGULAR
C0488,Derrick Adams,derrick.adams@gmail.com,2024-04-08,PREMIUM
C0489,Donald Evans,donald.evans@gmail.com,2025-07-14,REGULAR
C0490,David Weber,david.weber@hotmail.com,2024-10-30,REGULAR
C0491,Chad Smith,chad.smith@yahoo.com,2025-05-31,REGULAR
C0492,Jamie Atkins,jamie.atkins@yahoo.com,2025-06-03,REGULAR
C0493,Rodney Curtis,rodney.curtis@hotmail.com,2024-07-30,REGULAR
C0494,Larry Dominguez,larry.dominguez@yahoo.com,2025-05-03,REGULAR
C0495,James Flores,james.flores@hotmail.com,2026-02-01,REGULAR
C0496,Rachael Nguyen,rachael.nguyenyahoo.com,2025-09-02,REGULAR
C0497,Timothy Gonzalez,timothy.gonzalez@hotmail.com,2024-10-06,REGULAR
C0498,Krista Benton,krista.benton@yahoo.com,2024-11-21,REGULAR
C0499,Eddie Schwartz,eddie.schwartz@yahoo.com,2026-02-14,REGULAR
C0500,Eric King,eric.king@gmail.com,2025-10-19,REGULAR
C0501,Angela Ewing,angela.ewing@yahoo.com,2025-09-14,REGULAR
C0502,Tammy Kane,tammy.kaneyahoo.com,2026-04-24,REGULAR
C0503,Warren Miles,warren.miles@hotmail.com,2024-05-12,REGULAR
C0504,David Ortega,david.ortega@gmail.com,2024-03-09,REGULAR
C0505,Maria Lucas,maria.lucas@yahoo.com,2025-10-30,REGULAR
C0506,Brett Walker,brett.walker@hotmail.com,2026-03-16,REGULAR
C0507,Melissa Walker,melissa.walker@yahoo.com,2025-08-30,REGULAR
C0508,Michael Vaughn,michael.vaughn@gmail.com,2025-06-19,REGULAR
C0509,Mrs. Elizabeth Knapp MD,mrs..elizabeth.knapp.md@hotmail.com,2024-08-08,REGULAR
C0510,Grant Mueller,grant.mueller@hotmail.com,2026-01-20,REGULAR
C0511,Brent Bowen,brent.bowen@yahoo.com,2025-05-10,REGULAR
C0512,Andrew Page,andrew.page@gmail.com,2025-06-16,REGULAR
C0513,Megan Martin,megan.martin@hotmail.com,2025-01-13,PREMIUM
C0514,Kristen Rivera,kristen.rivera@yahoo.com,2025-12-18,REGULAR
C0515,Jared Lopez,jared.lopez@hotmail.com,2025-11-02,PREMIUM
C0516,Omar Ware,omar.ware@yahoo.com,2025-10-29,PREMIUM
C0517,Michael Harris,michael.harris@hotmail.com,2024-04-07,REGULAR
C0518,Rebecca Herrera,rebecca.herrera@yahoo.com,2025-05-21,REGULAR
C0519,Brian Lambert,brian.lambert@yahoo.com,2026-03-30,REGULAR
C0520,Emily Price,emily.price@yahoo.com,2024-06-26,REGULAR
C0521,Ryan Williamson,ryan.williamson@hotmail.com,2025-04-07,VIP
C0522,Leslie Powers,leslie.powers@yahoo.com,2024-07-02,REGULAR
C0523,Bruce Brooks,bruce.brooks@gmail.com,2026-03-04,REGULAR
C0524,Kyle Andrews,kyle.andrews@yahoo.com,2024-10-15,PREMIUM
C0525,Mr. Thomas Arias,mr..thomas.arias@gmail.com,2026-05-12,REGULAR
C0526,Dylan Lopez,dylan.lopez@yahoo.com,2024-03-24,PREMIUM
C0527,Tiffany Washington,tiffany.washington@gmail.com,2025-08-19,VIP
C0528,Kathy Simpson,kathy.simpson@hotmail.com,2026-02-02,REGULAR
C0529,Ryan Burns,ryan.burns@gmail.com,2026-05-28,REGULAR
C0530,Philip Carter,philip.carter@yahoo.com,2024-12-15,REGULAR
C0531,Carol Ellis,carol.ellis@hotmail.com,2026-02-08,REGULAR
C0532,Ashley Wilson,ashley.wilson@hotmail.com,2025-07-23,REGULAR
C0533,Nicole Wolf,nicole.wolf@yahoo.com,2026-04-28,REGULAR
C0534,Jeffery Fitzgerald,jeffery.fitzgerald@hotmail.com,2025-01-19,REGULAR
C0535,Zachary Cole,zachary.cole@yahoo.com,2024-05-15,REGULAR
C0536,Xavier Rowe,xavier.rowe@gmail.com,2024-11-22,PREMIUM
C0537,Leah Bell,leah.bell@hotmail.com,2025-10-27,REGULAR
C0538,Charles Clark,charles.clark@gmail.com,2024-04-02,REGULAR
C0539,Kim Carlson,kim.carlson@gmail.com,2025-05-17,PREMIUM
C0540,Eileen Armstrong,eileen.armstrong@hotmail.com,2024-05-27,REGULAR
C0541,Paul Jenkins,paul.jenkins@gmail.com,2025-03-06,PREMIUM
C0542,Beth Cline,beth.cline@gmail.com,2024-08-15,VIP
C0543,Sandra Juarez,sandra.juarez@hotmail.com,2025-09-02,REGULAR
C0544,Kenneth Adams MD,kenneth.adams.md@yahoo.com,2024-04-27,REGULAR
C0545,Sheryl Davis,sheryl.davis@hotmail.com,2025-03-08,REGULAR
C0546,Sherry Gibson,sherry.gibson@yahoo.com,2025-05-23,REGULAR
C0547,Sheila Boone,sheila.boone@gmail.com,2025-12-13,VIP
C0548,Melissa Horn,melissa.horn@hotmail.com,2025-09-09,REGULAR
C0549,Jeffrey Lewis,jeffrey.lewis@yahoo.com,2025-05-16,PREMIUM
C0550,Gail Lane,gail.lane@hotmail.com,2026-01-23,REGULAR
C0551,Stephanie Farmer,stephanie.farmer@gmail.com,2024-06-03,REGULAR
C0552,Sara Smith,sara.smith@,2025-11-16,REGULAR
C0553,William Patterson,william.patterson@hotmail.com,2024-07-23,REGULAR
C0554,Elizabeth Baxter,elizabeth.baxter@yahoo.com,2024-05-24,PREMIUM
C0555,Danielle Watson,danielle.watson@hotmail.com,2024-09-14,PREMIUM
C0556,Mario Barber,mario.barber@gmail.com,2025-10-28,REGULAR
C0557,Michele Smith,michele.smith@,2024-05-01,REGULAR
C0558,Darrell Frazier,darrell.frazier@gmail.com,2024-01-13,VIP
C0559,Ruth Mcneil,ruth.mcneil@yahoo.com,2024-07-24,PREMIUM
C0560,Darryl Davis,darryl.davis@gmail.com,2024-06-09,REGULAR
C0561,Stanley Taylor,stanley.taylor@gmail.com,2024-08-09,REGULAR
C0562,Justin Bishop,justin.bishop@gmail.com,2025-11-14,REGULAR
C0563,Daniel Goodman,daniel.goodman@yahoo.com,2025-11-18,REGULAR
C0564,Angelica Garcia,angelica.garcia@gmail.com,2025-08-19,REGULAR
C0565,Jeffrey Moody,jeffrey.moody@gmail.com,2025-03-06,PREMIUM
C0566,Danielle Burke,danielle.burke@,2025-03-18,PREMIUM
C0567,Melissa Abbott,melissa.abbott@hotmail.com,2025-04-13,REGULAR
C0568,Lawrence Lopez,lawrence.lopez@yahoo.com,2025-04-04,VIP
C0569,Rachel Leon,rachel.leon@gmail.com,2026-02-07,REGULAR
C0570,David Little,david.little@gmail.com,2026-03-31,PREMIUM
C0571,Alexandria Ward,alexandria.ward@yahoo.com,2024-07-24,PREMIUM
C0572,Ryan Fisher,ryan.fisher@hotmail.com,2024-09-25,REGULAR
C0573,Tiffany Townsend,tiffany.townsend@gmail.com,2024-04-14,PREMIUM
C0574,Daniel Livingston,daniel.livingston@yahoo.com,2026-02-25,VIP
C0575,Micheal Wang,micheal.wang@yahoo.com,2025-09-16,REGULAR
C0576,Joshua Jensen,joshua.jensen@yahoo.com,2024-05-09,PREMIUM
C0577,Jorge Harris,jorge.harris@gmail.com,2026-04-13,REGULAR
C0578,Kevin Hines,kevin.hines@hotmail.com,2024-04-12,REGULAR
C0579,Jeffrey Ashley,jeffrey.ashley@gmail.com,2024-03-30,REGULAR
C0580,Tim Wilson,tim.wilson@hotmail.com,2024-03-26,PREMIUM
C0581,Patrick Yang,patrick.yang@gmail.com,2024-01-20,REGULAR
C0582,Meredith Martin,meredith.martin@yahoo.com,2026-03-23,PREMIUM
C0583,Samantha Green,samantha.green@yahoo.com,2024-07-16,PREMIUM
C0584,Shelley Quinn,shelley.quinn@gmail.com,2024-02-15,REGULAR
C0585,Jeffrey Warren,jeffrey.warren@yahoo.com,2024-04-29,PREMIUM
C0586,Jorge Brown PhD,jorge.brown.phd@gmail.com,2025-07-25,REGULAR
C0587,Raymond Shannon,raymond.shannon@hotmail.com,2024-06-28,REGULAR
C0588,Jordan Williams,jordan.williams@gmail.com,2025-01-14,REGULAR
C0589,Jack Mora,jack.mora@gmail.com,2024-02-24,REGULAR
C0590,Suzanne Yang,suzanne.yang@yahoo.com,2024-12-14,REGULAR
C0591,Jason Cortez,jason.cortez@yahoo.com,2024-04-30,PREMIUM
C0592,Barbara Nunez,barbara.nunez@gmail.com,2024-10-05,REGULAR
C0593,Jose Williams,jose.williams@yahoo.com,2024-04-17,REGULAR
C0594,Sharon Ayala,sharon.ayalayahoo.com,2025-05-23,PREMIUM
C0595,Jesus Wood,jesus.wood@yahoo.com,2026-05-25,REGULAR
C0596,Nancy Sanchez,nancy.sanchez@yahoo.com,2026-02-05,PREMIUM
C0597,Dr. Morgan Payne PhD,dr..morgan.payne.phd@gmail.com,2024-01-10,PREMIUM
C0598,Allison Weaver,allison.weaver@hotmail.com,2024-01-15,REGULAR
C0599,April Sandoval,april.sandoval@hotmail.com,2025-04-22,REGULAR
C0600,Joseph Allen,joseph.allen@yahoo.com,2024-04-03,VIP
C0601,Brenda Ramirez,brenda.ramirez@gmail.com,2024-12-25,REGULAR
C0602,Kelly Haynes,kelly.haynes@,2025-12-13,PREMIUM
C0603,Angela Davis,angela.davis@gmail.com,2025-09-04,REGULAR
C0604,Keith Graham,keith.graham@gmail.com,2025-01-02,PREMIUM
C0605,Samuel Howe,samuel.howe@yahoo.com,2025-05-21,REGULAR
C0606,Dillon Jones,dillon.jones@gmail.com,2024-07-30,REGULAR
C0607,Lauren Moore,lauren.moore@gmail.com,2025-11-29,REGULAR
C0608,Jason Herrera,jason.herrera@gmail.com,2025-12-03,PREMIUM
C0609,Derek Wilson,derek.wilson@gmail.com,2025-04-17,REGULAR
C0610,Melissa Williams,melissa.williams@yahoo.com,2024-08-18,REGULAR
C0611,David Kelly,david.kelly@hotmail.com,2024-03-17,REGULAR
C0612,Debbie Ewing,debbie.ewing@gmail.com,2025-09-20,REGULAR
C0613,Kristi Pierce,kristi.pierce@gmail.com,2025-12-18,REGULAR
C0614,Riley Martinez,riley.martinez@gmail.com,2024-12-11,REGULAR
C0615,Rodney Watson,rodney.watson@hotmail.com,2024-05-10,REGULAR
C0616,Deanna Hess,deanna.hess@gmail.com,2024-04-10,REGULAR
C0617,Matthew Lamb,matthew.lamb@gmail.com,2025-05-30,PREMIUM
C0618,Tom Williams,tom.williams@hotmail.com,2025-11-03,REGULAR
C0619,Jennifer Johnson,jennifer.johnson@hotmail.com,2025-10-24,PREMIUM
C0620,Daniel Lopez,daniel.lopez@yahoo.com,2025-11-23,REGULAR
C0621,Amanda Harvey,amanda.harvey@gmail.com,2025-04-03,REGULAR
C0622,Dr. John Miller MD,dr..john.miller.md@yahoo.com,2024-11-05,REGULAR
C0623,Rebecca Wright,rebecca.wright@hotmail.com,2024-01-31,REGULAR
C0624,Rachael Howard DDS,rachael.howard.dds@yahoo.com,2025-06-18,REGULAR
C0625,Kathryn Price,kathryn.price@gmail.com,2024-02-10,REGULAR
C0626,Daniel Huang,daniel.huang@yahoo.com,2024-04-01,PREMIUM
C0627,Kaitlyn Howard,kaitlyn.howard@hotmail.com,2024-12-27,REGULAR
C0628,Ariel Sandoval,ariel.sandoval@yahoo.com,2026-04-09,REGULAR
C0629,Sylvia Brown,sylvia.brown@gmail.com,2025-08-26,REGULAR
C0630,Ryan Bruce,ryan.bruce@gmail.com,2025-01-02,PREMIUM
C0631,Renee Wolfe,renee.wolfe@hotmail.com,2024-02-13,VIP
C0632,Heather Bradley,heather.bradley@gmail.com,2026-05-24,REGULAR
C0633,Sara Cochran,sara.cochran@yahoo.com,2026-04-22,REGULAR
C0634,John Davis,john.davis@gmail.com,2024-12-05,REGULAR
C0635,John Rivera,john.rivera@hotmail.com,2024-11-08,REGULAR
C0636,Gina Thompson,gina.thompson@yahoo.com,2024-04-02,REGULAR
C0637,Kevin Stark,kevin.stark@gmail.com,2026-03-28,REGULAR
C0638,Toni Brooks,toni.brooks@hotmail.com,2025-09-06,REGULAR
C0639,Gabrielle Morris,gabrielle.morris@gmail.com,2025-11-09,REGULAR
C0640,Toni Banks,toni.banks@gmail.com,2026-05-23,REGULAR
C0641,Tanya Buchanan,tanya.buchanan@gmail.com,2024-09-29,VIP
C0642,Nicholas Phillips,nicholas.phillips@gmail.com,2024-01-03,REGULAR
C0643,Tiffany Myers,tiffany.myers@hotmail.com,2024-02-20,REGULAR
C0644,Evan Lamb,evan.lamb@hotmail.com,2024-12-09,REGULAR
C0645,Ashley Crawford,ashley.crawford@yahoo.com,2024-04-30,PREMIUM
C0646,William Jackson,william.jackson@gmail.com,2025-06-05,REGULAR
C0647,Derek Wright,derek.wright@gmail.com,2025-06-28,PREMIUM
C0648,Brian Smith,brian.smith@yahoo.com,2025-11-11,REGULAR
C0649,Tracy Wilkerson,tracy.wilkerson@yahoo.com,2025-08-11,REGULAR
C0650,James Poole,james.poole@hotmail.com,2024-12-16,REGULAR
C0651,Benjamin Singleton,benjamin.singleton@yahoo.com,2024-02-01,REGULAR
C0652,Trevor Jones,trevor.jones@gmail.com,2025-08-06,REGULAR
C0653,Benjamin Mcmahon,benjamin.mcmahon@gmail.com,2025-06-08,VIP
C0654,Lisa Webb,lisa.webb@gmail.com,2025-11-01,REGULAR
C0655,Carmen Preston,carmen.preston@gmail.com,2024-03-24,PREMIUM
C0656,Daniel Lee,daniel.lee@hotmail.com,2026-05-10,REGULAR
C0657,Monica Baker,monica.baker@yahoo.com,2025-04-06,REGULAR
C0658,Anthony Armstrong,anthony.armstrong@yahoo.com,2024-08-26,REGULAR
C0659,Aaron Miller,aaron.miller@hotmail.com,2026-01-16,REGULAR
C0660,Alexander Jackson,alexander.jackson@yahoo.com,2024-05-07,REGULAR
C0661,Brian Glover,brian.glover@yahoo.com,2026-01-29,REGULAR
C0662,Deborah May,deborah.may@yahoo.com,2024-10-14,REGULAR
C0663,James Lopez,james.lopez@gmail.com,2025-02-13,VIP
C0664,Dennis Hood,dennis.hood@hotmail.com,2024-04-05,REGULAR
C0665,Michael Davis,michael.davis@hotmail.com,2025-06-18,PREMIUM
C0666,Jennifer Avila,jennifer.avila@gmail.com,2026-05-09,REGULAR
C0667,James Mills,james.mills@hotmail.com,2026-01-07,PREMIUM
C0668,Cynthia Evans,cynthia.evans@yahoo.com,2024-02-23,REGULAR
C0669,Stephanie Mcbride,stephanie.mcbride@hotmail.com,2024-08-17,REGULAR
C0670,Peter Thompson,peter.thompson@gmail.com,2024-11-25,REGULAR
C0671,Beth Henderson,beth.henderson@hotmail.com,2025-11-07,REGULAR
C0672,Rodney Hernandez,rodney.hernandez@hotmail.com,2025-02-04,PREMIUM
C0673,Nicholas Aguirre,nicholas.aguirre@gmail.com,2025-08-25,VIP
C0674,Kristen Gates,kristen.gates@hotmail.com,2025-12-12,REGULAR
C0675,Alexandria Graves,alexandria.graves@hotmail.com,2026-03-22,REGULAR
C0676,Ashley Hernandez,ashley.hernandez@,2024-06-04,REGULAR
C0677,Kristine Garcia,kristine.garcia@yahoo.com,2026-04-12,PREMIUM
C0678,Sherry Baker,sherry.baker@hotmail.com,2026-01-24,VIP
C0679,Kara Jackson,kara.jackson@yahoo.com,2024-08-11,REGULAR
C0680,Melanie Morales,melanie.morales@yahoo.com,2025-05-29,REGULAR
C0681,Amber Alvarez,amber.alvarez@yahoo.com,2025-08-01,REGULAR
C0682,Robert Turner,robert.turner@yahoo.com,2026-02-02,REGULAR
C0683,Melinda Compton,melinda.compton@gmail.com,2024-07-27,REGULAR
C0684,Patrick Schroeder,patrick.schroeder@yahoo.com,2025-02-22,REGULAR
C0685,Lisa Davis,lisa.davis@yahoo.com,2024-11-24,REGULAR
C0686,Jennifer Washington,jennifer.washington@hotmail.com,2025-08-03,REGULAR
C0687,Kaylee Moore,kaylee.moore@yahoo.com,2026-02-26,REGULAR
C0688,Richard Warren,richard.warren@hotmail.com,2024-02-14,REGULAR
C0689,Shaun Gonzalez,shaun.gonzalez@gmail.com,2025-01-22,REGULAR
C0690,Anthony Ward,anthony.ward@gmail.com,2025-03-01,PREMIUM
C0691,John Sanders,john.sanders@gmail.com,2024-02-17,PREMIUM
C0692,John Griffin,john.griffin@yahoo.com,2026-05-06,REGULAR
C0693,Christopher Kline,christopher.kline@hotmail.com,2024-05-20,REGULAR
C0694,James Martin,james.martin@hotmail.com,2024-11-28,VIP
C0695,Maria Byrd,maria.byrd@yahoo.com,2025-09-28,PREMIUM
C0696,Sharon Coffey,sharon.coffey@hotmail.com,2024-01-14,REGULAR
C0697,Carlos Thompson,carlos.thompson@gmail.com,2024-12-13,REGULAR
C0698,Robert Torres,robert.torres@hotmail.com,2025-03-03,VIP
C0699,James Bailey,james.bailey@yahoo.com,2024-12-04,REGULAR
C0700,Michael Holloway,michael.holloway@yahoo.com,2024-06-07,REGULAR
C0701,Zachary Levy,zachary.levy@yahoo.com,2026-05-22,REGULAR
C0702,Lisa Evans,lisa.evans@gmail.com,2026-01-18,VIP
C0703,William Davidson,william.davidson@yahoo.com,2025-02-09,PREMIUM
C0704,Tiffany Curtis,tiffany.curtis@gmail.com,2024-08-20,REGULAR
C0705,Cynthia Brown,cynthia.brown@hotmail.com,2025-09-19,REGULAR
C0706,Melanie Griffith,melanie.griffith@hotmail.com,2026-02-11,REGULAR
C0707,Deanna Barnes MD,deanna.barnes.md@gmail.com,2024-10-22,PREMIUM
C0708,Micheal Parks,micheal.parks@hotmail.com,2026-01-09,REGULAR
C0709,Megan Romero,megan.romero@gmail.com,2026-05-17,REGULAR
C0710,Brent Anderson,brent.anderson@yahoo.com,2026-05-18,REGULAR
C0711,Catherine Frazier,catherine.frazier@yahoo.com,2024-05-18,REGULAR
C0712,Daniel Savage,daniel.savage@yahoo.com,2025-05-29,REGULAR
C0713,Kevin Ford,kevin.ford@gmail.com,2025-12-31,VIP
C0714,Mark Carpenter,mark.carpenter@hotmail.com,2024-04-20,REGULAR
C0715,Cory Wilson,cory.wilson@hotmail.com,2025-08-15,REGULAR
C0716,Jennifer Pitts,jennifer.pitts@gmail.com,2024-08-01,REGULAR
C0717,Grace Benitez DVM,grace.benitez.dvm@yahoo.com,2024-08-10,REGULAR
C0718,Mike Maxwell,mike.maxwell@yahoo.com,2025-05-31,REGULAR
C0719,Cassandra Walters,cassandra.walters@gmail.com,2025-12-03,REGULAR
C0720,Philip Jackson,philip.jackson@gmail.com,2026-01-30,REGULAR
C0721,Penny Anderson,penny.anderson@yahoo.com,2025-10-29,REGULAR
C0722,Vincent Reyes,vincent.reyes@gmail.com,2026-04-09,VIP
C0723,Jake Smith,jake.smith@yahoo.com,2026-04-04,PREMIUM
C0724,Michael Sims,michael.sims@gmail.com,2024-12-17,REGULAR
C0725,Haley Anderson,haley.anderson@yahoo.com,2026-02-20,VIP
C0726,Carol Colon,carol.colon@yahoo.com,2025-03-27,VIP
C0727,Joseph Warren,joseph.warren@yahoo.com,2024-07-26,REGULAR
C0728,Steven Howard,steven.howard@gmail.com,2024-09-13,REGULAR
C0729,Tamara Powell,tamara.powell@gmail.com,2024-12-14,REGULAR
C0730,Bonnie Gross,bonnie.gross@hotmail.com,2026-02-22,PREMIUM
C0731,Jacob Santos,jacob.santos@gmail.com,2025-08-05,REGULAR
C0732,Dawn Nichols,dawn.nichols@gmail.com,2024-03-15,REGULAR
C0733,Martha Smith,martha.smith@hotmail.com,2024-06-28,VIP
C0734,James Kelley,james.kelley@yahoo.com,2024-08-25,REGULAR
C0735,Michael Smith,michael.smith@yahoo.com,2024-06-05,REGULAR
C0736,Debra Obrien,debra.obrien@gmail.com,2025-10-12,REGULAR
C0737,Ashley Higgins,ashley.higgins@gmail.com,2025-03-15,REGULAR
C0738,Brian Gonzalez,brian.gonzalez@gmail.com,2025-02-12,REGULAR
C0739,Valerie Howard,valerie.howard@yahoo.com,2025-04-03,REGULAR
C0740,Joshua Lozano,joshua.lozano@hotmail.com,2026-01-16,REGULAR
C0741,Aaron Powers,aaron.powers@gmail.com,2026-02-06,REGULAR
C0742,Brandon Hunt,brandon.hunt@hotmail.com,2024-06-06,PREMIUM
C0743,Maria Bryant,maria.bryant@yahoo.com,2025-02-14,REGULAR
C0744,Brett Thompson,brett.thompson@,2025-03-27,REGULAR
C0745,Michael Simmons,michael.simmons@gmail.com,2024-05-27,REGULAR
C0746,Stefanie Smith,stefanie.smith@gmail.com,2024-09-21,VIP
C0747,Steven Friedman,steven.friedman@yahoo.com,2024-05-24,PREMIUM
C0748,Grant Wilson,grant.wilson@yahoo.com,2025-12-10,REGULAR
C0749,James Jefferson,james.jefferson@yahoo.com,2024-09-16,REGULAR
C0750,Michael Brown,michael.brown@gmail.com,2024-06-10,REGULAR
C0751,Kevin Pham,kevin.pham@hotmail.com,2025-11-11,REGULAR
C0752,James Howard,james.howard@gmail.com,2024-07-21,VIP
C0753,Mr. Stephen Alexander,mr..stephen.alexander@gmail.com,2025-02-10,REGULAR
C0754,Alexandria Oneill,alexandria.oneill@hotmail.com,2026-05-27,REGULAR
C0755,Tyler Marks,tyler.marks@hotmail.com,2026-03-23,VIP
C0756,Lisa Reynolds,lisa.reynolds@hotmail.com,2025-01-21,REGULAR
C0757,Mr. Martin Hernandez,mr..martin.hernandez@hotmail.com,2024-03-25,REGULAR
C0758,Timothy Wagner,timothy.wagner@yahoo.com,2026-02-09,REGULAR
C0759,Angela Vasquez,angela.vasquez@gmail.com,2025-05-29,REGULAR
C0760,Amber Walker,amber.walker@hotmail.com,2025-08-11,REGULAR
C0761,David Stevens,david.stevens@hotmail.com,2025-11-27,PREMIUM
C0762,Jonathan Stewart,jonathan.stewart@yahoo.com,2024-01-28,REGULAR
C0763,Jason Hawkins,jason.hawkins@gmail.com,2024-05-21,PREMIUM
C0764,Tracey Walsh,tracey.walsh@hotmail.com,2026-05-23,REGULAR
C0765,Michael Clements,michael.clements@yahoo.com,2024-03-25,REGULAR
C0766,Sarah Rivera,sarah.rivera@hotmail.com,2026-01-04,VIP
C0767,Heidi Chavez,heidi.chavez@gmail.com,2024-12-10,REGULAR
C0768,Henry Schultz,henry.schultz@yahoo.com,2026-04-30,REGULAR
C0769,Michaela Williams,michaela.williams@gmail.com,2026-02-03,REGULAR
C0770,Mitchell Griffith,mitchell.griffith@gmail.com,2025-01-30,VIP
C0771,Chelsea Conrad,chelsea.conrad@yahoo.com,2024-11-30,REGULAR
C0772,Richard Love,richard.love@gmail.com,2025-10-05,REGULAR
C0773,Mark Powers,mark.powers@gmail.com,2025-11-30,REGULAR
C0774,Kevin Gordon,kevin.gordon@yahoo.com,2024-01-07,REGULAR
C0775,Amber Mcconnell,amber.mcconnell@hotmail.com,2026-01-20,REGULAR
C0776,Priscilla Kent,priscilla.kent@hotmail.com,2024-09-26,REGULAR
C0777,Betty Hughes,betty.hughes@hotmail.com,2025-05-14,VIP
C0778,Janice Petty,janice.petty@hotmail.com,2025-01-20,VIP
C0779,Victor Waller,victor.waller@yahoo.com,2024-07-26,REGULAR
C0780,Lance Tanner,lance.tanner@hotmail.com,2025-04-09,REGULAR
C0781,Kimberly Edwards,kimberly.edwards@hotmail.com,2026-05-09,PREMIUM
C0782,Christina Weber,christina.weberyahoo.com,2025-06-20,REGULAR
C0783,Brandi Page,brandi.page@gmail.com,2026-02-21,PREMIUM
C0784,Mallory Page,mallory.page@yahoo.com,2026-05-23,REGULAR
C0785,Mr. Michael Butler,mr..michael.butler@hotmail.com,2026-04-09,REGULAR
C0786,Ryan Stokes,ryan.stokes@hotmail.com,2024-06-14,PREMIUM
C0787,Charles Santiago,charles.santiago@gmail.com,2025-02-18,VIP
C0788,Candace Mitchell,candace.mitchell@yahoo.com,2024-08-15,REGULAR
C0789,Melissa Phillips,melissa.phillips@hotmail.com,2024-02-20,REGULAR
C0790,Jesse Jensen,jesse.jensen@hotmail.com,2026-05-22,REGULAR
C0791,Natalie Hoffman,natalie.hoffman@gmail.com,2026-03-04,VIP
C0792,Rebecca Roberts,rebecca.roberts@hotmail.com,2024-03-13,REGULAR
C0793,Jasmine Frye,jasmine.frye@hotmail.com,2025-04-30,PREMIUM
C0794,Amy Manning,amy.manning@gmail.com,2025-11-19,PREMIUM
C0795,Susan Bush,susan.bush@hotmail.com,2025-07-25,REGULAR
C0796,Kimberly Morrison,kimberly.morrison@hotmail.com,2024-10-27,PREMIUM
C0797,Christopher Fleming,christopher.fleming@gmail.com,2024-09-26,REGULAR
C0798,Barbara Williams,barbara.williams@yahoo.com,2026-05-14,VIP
C0799,Christopher Singleton,christopher.singleton@gmail.com,2025-05-28,REGULAR
C0800,Timothy Williams,timothy.williams@yahoo.com,2024-03-20,PREMIUM
