order_id,customer_id,order_date,status,region_code
O00001,C0353,2026-04-29 16:15:01,DELIVERED,WEST
O00002,C0277,2025-10-20 16:00:39,PLACED,CENTRAL
O00003,C0225,2026-03-13 16:33:50,CANCELLED,EAST
O00004,C0060,2026-02-15 08:50:03,DELIVERED,CENTRAL
O00005,C0239,2025-08-31 23:37:19,PLACED,SOUTH
O00006,C0273,2026-04-21 15:10:25,DELIVERED,NORTH
O00007,C0783,2026-04-04 14:31:55,DELIVERED,WEST
O00008,,2025-06-28 22:13:37,SHIPPED,CENTRAL
O00009,C0326,2026-07-06 15:38:17,DELIVERED,CENTRAL
O00010,C0029,2026-06-09 14:19:40,DELIVERED,CENTRAL
O00011,C0578,2024-10-19 08:58:43,DELIVERED,SOUTH
O00012,C0505,2026-05-28 12:58:03,SHIPPED,WEST
O00013,C0039,2025-12-05 01:15:35,PLACED,CENTRAL
O00014,C0225,2026-03-11 20:52:16,DELIVERED,NORTH
O00015,C0340,2026-07-02 22:49:30,DELIVERED,SOUTH
O00016,C0349,2026-03-06 20:41:10,SHIPPED,EAST
O00017,C0061,2025-03-30 00:29:09,PLACED,SOUTH
O00018,C0793,2025-07-25 03:42:34,DELIVERED,EAST
O00019,C0075,2025-04-17 04:14:12,DELIVERED,WEST
O00020,C0601,2025-03-13 11:22:34,SHIPPED,EAST
O00021,NULL,2024-10-31 08:05:06,DELIVERED,WEST
O00022,C0655,2025-07-14 10:03:59,DELIVERED,SOUTH
O00023,C0725,2026-06-09 03:00:14,DELIVERED,CENTRAL
O00024,C0366,2025-11-17 16:43:17,DELIVERED,SOUTH
O00025,C0388,2025-02-24 07:35:58,DELIVERED,EAST
O00026,C0131,2026-02-04 00:21:40,DELIVERED,CENTRAL
O00027,C0401,2026-06-12 04:39:40,PLACED,CENTRAL
O00028,C0326,2026-05-18 10:29:07,SHIPPED,CENTRAL
O00029,C0107,2026-07-08 22:38:26,DELIVERED,EAST
O00030,,2026-05-26 18:39:04,SHIPPED,EAST
O00031,C0172,2025-08-18 21:58:21,DELIVERED,EAST
O00032,C0458,2024-07-09 20:25:47,SHIPPED,SOUTH
O00033,C0710,24-05-2026 13:58:23,DELIVERED,NORTH
O00034,C0738,2025-02-12 23:52:57,PLACED,WEST
O00035,C0751,2026-04-22 23:27:05,RETURNED,WEST
O00036,C0505,2026-03-26 01:51:25,DELIVERED,WEST
O00037,C0104,16-04-2026 05:09:49,DELIVERED,CENTRAL
O00038,C0667,2026-06-03 05:40:15,DELIVERED,SOUTH
O00039,C0463,2027-02-21 00:00:00,DELIVERED,NORTH
O00040,C0302,2024-12-16 14:16:51,SHIPPED,NORTH
O00041,C0076,2026-05-15 04:28:15,SHIPPED,WEST
O00042,C0165,2025-12-16 03:04:23,DELIVERED,NORTH
O00043,C0347,2026-04-30 09:31:54,RETURNED,WEST
O00044,C0722,2026-04-12 00:13:09,DELIVERED,SOUTH
O00045,C0622,2025-10-08 06:04:54,SHIPPED,NORTH
O00046,C0340,2024-12-26 15:44:18,RETURNED,WEST
O00047,C0714,2025-09-04 09:24:15,DELIVERED,CENTRAL
O00048,C0272,2025-11-26 02:26:14,SHIPPED,SOUTH
O00049,C0099,2025-04-05 13:16:18,DELIVERED,CENTRAL
O00050,C0503,2024-10-28 07:07:26,PLACED,NORTH
O00051,C0438,2025-06-17 01:30:39,SHIPPED,CENTRAL
O00052,C0492,2025-11-05 02:12:29,PLACED,SOUTH
O00053,C0175,2026-04-12 20:22:05,SHIPPED,NORTH
O00054,C0485,2025-10-04 20:37:16,SHIPPED,WEST
O00055,C0483,2025-11-01 21:25:31,CANCELLED,EAST
O00056,C0094,2025-11-11 13:15:23,DELIVERED,SOUTH
O00057,C0380,2026-05-19 18:46:48,DELIVERED,SOUTH
O00058,C0457,2024-08-04 15:43:11,SHIPPED,WEST
O00059,C0270,2026-02-28 20:43:51,DELIVERED,CENTRAL
O00060,C0064,2024-11-16 09:16:47,DELIVERED,NORTH
O00061,C0088,2026-02-20 23:03:15,SHIPPED,CENTRAL
O00062,C0424,2026-05-26 18:41:21,DELIVERED,CENTRAL
O00063,C0063,2026-04-15 01:35:42,DELIVERED,CENTRAL
O00064,C0429,2025-08-20 22:42:43,DELIVERED,WEST
O00065,C0587,2026-05-16 19:13:09,SHIPPED,EAST
O00066,C0081,2025-09-04 15:41:12,CANCELLED,NORTH
O00067,C0515,2026-06-11 20:09:20,CANCELLED,CENTRAL
O00068,C0694,2026-03-24 18:43:44,PLACED,WEST
O00069,C0178,2024-12-31 20:10:38,RETURNED,SOUTH
O00070,C0130,2025-10-09 13:46:05,DELIVERED,WEST
O00071,C0207,2026-04-30 04:20:38,PLACED,CENTRAL
O00072,C0265,2025-04-30 08:33:44,CANCELLED,NORTH
O00073,C0090,2025-10-11 10:41:33,DELIVERED,CENTRAL
O00074,C0334,2026-05-25 08:37:55,SHIPPED,WEST
O00075,NULL,2026-07-09 22:37:51,DELIVERED,NORTH
O00076,C0425,2025-08-21 02:46:03,PLACED,CENTRAL
O00077,C0597,2026-02-10 01:10:44,RETURNED,NORTH
O00078,C0109,2026-04-21 01:11:07,DELIVERED,EAST
O00079,C0549,2026-02-07 02:11:09,CANCELLED,EAST
O00080,C0393,2025-11-21 14:07:36,DELIVERED,CENTRAL
O00081,C0485,2025-09-04 13:12:19,SHIPPED,WEST
O00082,C0148,2025-10-24 04:54:45,DELIVERED,WEST
O00083,C0040,2025-05-04 10:06:41,CANCELLED,EAST
O00084,C0708,2026-02-24 03:11:59,PLACED,WEST
O00085,C0276,2026-01-15 15:23:56,PLACED,EAST
O00086,C0319,2026-02-25 21:01:12,DELIVERED,NORTH
O00087,C0234,2025-08-12 09:07:39,SHIPPED,WEST
O00088,C0793,2026-01-04 05:25:08,SHIPPED,WEST
O00089,C0620,2025-12-27 16:12:49,SHIPPED,SOUTH
O00090,C0417,2026-06-13 12:12:43,DELIVERED,CENTRAL
O00091,C0383,2025-03-29 15:45:08,DELIVERED,SOUTH
O00092,C0068,2025-11-06 19:52:38,DELIVERED,WEST
O00093,C0139,2026-06-28 21:40:31,CANCELLED,NORTH
O00094,C0178,2025-01-20 17:22:15,CANCELLED,SOUTH
O00095,C0060,2025-08-26 18:50:08,PLACED,NORTH
O00096,C0370,2026-05-21 19:49:55,SHIPPED,EAST
O00097,C0476,2026-01-03 04:07:08,DELIVERED,NORTH
O00098,C0698,2025-03-26 17:44:21,SHIPPED,WEST
O00099,C0609,2026-03-29 11:58:14,SHIPPED,WEST
O00100,C0601,2026-02-26 05:36:19,SHIPPED,SOUTH
O00101,C0265,2026-03-29 17:38:50,DELIVERED,NORTH
O00102,C0292,2025-08-26 15:51:25,DELIVERED,SOUTH
O00103,C0586,2026-05-23 20:32:37,RETURNED,SOUTH
O00104,C0663,2025-08-06 20:23:33,DELIVERED,EAST
O00105,C0668,2025-05-15 01:46:02,DELIVERED,NORTH
O00106,C0486,2026-05-31 20:18:51,DELIVERED,CENTRAL
O00107,C0009,2025-04-16 19:22:32,SHIPPED,EAST
O00108,C0730,2026-07-09 17:53:43,DELIVERED,WEST
O00109,C0386,2025-11-25 20:24:38,DELIVERED,SOUTH
O00110,C0478,2026-03-31 16:05:53,DELIVERED,CENTRAL
O00111,,2025-07-02 11:14:09,PLACED,EAST
O00112,C0575,2026-05-25 09:39:57,DELIVERED,EAST
O00113,C0306,2026-01-24 14:23:08,PLACED,NORTH
O00114,C0345,2025-02-10 18:01:16,DELIVERED,EAST
O00115,C0268,2025-12-24 01:52:12,SHIPPED,CENTRAL
O00116,C0784,2026-06-03 15:58:19,CANCELLED,CENTRAL
O00117,C0414,2026-05-28 01:22:38,DELIVERED,NORTH
O00118,C0672,2026-02-25 07:42:05,RETURNED,EAST
O00119,C0429,2025-05-11 06:16:12,DELIVERED,NORTH
O00120,C0598,2026-01-01 23:21:43,RETURNED,SOUTH
O00121,C0352,2026-01-16 07:52:16,DELIVERED,CENTRAL
O00122,C0654,2026-05-04 18:10:24,CANCELLED,EAST
O00123,C0520,2025-02-19 04:02:13,DELIVERED,CENTRAL
O00124,C0186,2026-01-01 04:31:54,PLACED,SOUTH
O00125,C0759,2025-12-15 21:37:11,DELIVERED,CENTRAL
O00126,C0782,2026-06-09 10:16:45,SHIPPED,EAST
O00127,C0671,2025-12-11 16:20:04,SHIPPED,SOUTH
O00128,C0763,2026-05-08 20:40:27,SHIPPED,EAST
O00129,C0381,2026-03-04 14:17:38,DELIVERED,WEST
O00130,C0121,2026-04-27 17:43:07,PLACED,CENTRAL
O00131,C0595,2026-07-09 20:11:25,DELIVERED,WEST
O00132,C0200,2026-06-14 17:34:28,PLACED,WEST
O00133,C0543,2025-12-26 20:52:37,DELIVERED,SOUTH
O00134,C0141,2025-11-15 13:47:56,SHIPPED,CENTRAL
O00135,C0469,2024-10-20 05:53:30,SHIPPED,SOUTH
O00136,C0798,2026-05-21 20:18:15,DELIVERED,SOUTH
O00137,C0321,2026-06-25 19:55:05,PLACED,WEST
O00138,C0281,2025-10-28 07:35:06,DELIVERED,SOUTH
O00139,C0591,2026-02-14 19:00:35,SHIPPED,NORTH
O00140,C0133,2026-02-11 15:21:58,DELIVERED,WEST
O00141,C0414,2026-06-18 07:24:12,RETURNED,WEST
O00142,C0005,2025-11-01 15:37:31,DELIVERED,EAST
O00143,C0015,2026-05-24 20:12:15,SHIPPED,CENTRAL
O00144,C0196,2026-02-13 11:29:42,DELIVERED,SOUTH
O00145,C0232,2026-06-08 10:23:35,SHIPPED,NORTH
O00146,C0393,2025-07-26 22:52:19,DELIVERED,SOUTH
O00147,C0067,2025-11-15 18:07:33,SHIPPED,EAST
O00148,C0467,2026-01-17 07:46:12,DELIVERED,CENTRAL
O00149,C0346,2025-11-17 20:06:20,CANCELLED,SOUTH
O00150,C0351,2026-03-02 17:35:34,DELIVERED,SOUTH
O00151,C0169,2026-05-19 16:55:55,DELIVERED,SOUTH
O00152,C0230,2026-05-13 17:43:53,SHIPPED,NORTH
O00153,C0604,2026-01-28 23:03:04,SHIPPED,EAST
O00154,C0729,2026-05-03 06:57:05,DELIVERED,WEST
O00155,C0656,2026-06-03 20:01:55,DELIVERED,CENTRAL
O00156,C0050,2025-10-05 07:32:49,RETURNED,NORTH
O00157,C0670,2024-12-10 08:00:47,PLACED,NORTH
O00158,C0427,2026-06-07 03:19:38,DELIVERED,CENTRAL
O00159,C0259,2026-05-22 11:23:19,DELIVERED,SOUTH
O00160,,2025-06-05 05:26:57,SHIPPED,NORTH
O00161,C0679,2025-09-19 03:16:01,SHIPPED,CENTRAL
O00162,C0718,2025-09-14 12:54:48,DELIVERED,NORTH
O00163,C0524,2026-04-26 06:46:24,DELIVERED,EAST
O00164,C0117,2026-03-02 12:59:16,PLACED,SOUTH
O00165,C0624,2025-09-03 13:47:57,DELIVERED,CENTRAL
O00166,C0207,2025-10-03 00:08:47,DELIVERED,EAST
O00167,C0165,2025-12-02 07:17:16,DELIVERED,SOUTH
O00168,C0705,2026-03-24 16:06:45,SHIPPED,NORTH
O00169,C0014,2026-05-12 16:08:56,PLACED,NORTH
O00170,C0588,2026-06-17 15:28:21,DELIVERED,NORTH
O00171,C0799,2026-06-29 10:52:44,PLACED,NORTH
O00172,C0263,2026-06-05 13:24:48,SHIPPED,EAST
O00173,C0271,2025-06-26 14:45:26,PLACED,SOUTH
O00174,C0041,2025-09-03 16:33:53,DELIVERED,EAST
O00175,C0437,2026-05-28 19:41:36,PLACED,NORTH
O00176,C0010,2026-04-23 18:24:26,PLACED,SOUTH
O00177,C0337,2025-06-05 16:47:37,CANCELLED,CENTRAL
O00178,C0275,2025-12-19 02:22:08,DELIVERED,EAST
O00179,C0188,2024-12-25 09:58:56,DELIVERED,WEST
O00180,C0279,2026-03-27 14:15:28,DELIVERED,WEST
O00181,C0432,2026-04-20 23:22:30,CANCELLED,SOUTH
O00182,C0116,2024-10-11 22:11:41,DELIVERED,NORTH
O00183,C0164,2025-11-12 06:40:34,DELIVERED,CENTRAL
O00184,C0495,2026-07-06 18:49:29,DELIVERED,WEST
O00185,C0186,2026-03-08 23:04:03,DELIVERED,CENTRAL
O00186,C0030,18-05-2026 23:34:40,DELIVERED,SOUTH
O00187,C0495,2026-05-06 18:49:01,PLACED,WEST
O00188,C0452,2025-10-27 20:29:35,PLACED,EAST
O00189,C0013,2026-03-15 23:41:26,RETURNED,EAST
O00190,NULL,2026-02-11 03:40:29,DELIVERED,CENTRAL
O00191,C0098,2026-06-12 01:13:02,DELIVERED,SOUTH
O00192,C0494,2026-01-26 13:14:15,DELIVERED,WEST
O00193,C0153,2026-05-21 16:42:32,DELIVERED,CENTRAL
O00194,C0056,2027-07-02 00:00:00,DELIVERED,SOUTH
O00195,C0518,2026-05-20 12:10:47,CANCELLED,SOUTH
O00196,C0077,2026-05-10 15:40:13,DELIVERED,SOUTH
O00197,C0339,2026-04-01 00:18:22,PLACED,SOUTH
O00198,C0564,2026-04-25 20:09:07,DELIVERED,SOUTH
O00199,C0081,2025-10-24 14:08:36,DELIVERED,CENTRAL
O00200,,2024-09-07 08:48:32,CANCELLED,WEST
O00201,C0324,2026-01-05 02:25:40,RETURNED,NORTH
O00202,C0106,2026-02-23 16:19:48,DELIVERED,CENTRAL
O00203,C0563,2025-11-18 01:34:54,DELIVERED,CENTRAL
O00204,C0634,2026-04-14 04:34:19,SHIPPED,CENTRAL
O00205,C0576,2024-12-08 15:59:12,DELIVERED,WEST
O00206,C0350,2026-06-11 15:19:28,DELIVERED,SOUTH
O00207,C0466,2025-03-15 20:25:05,DELIVERED,CENTRAL
O00208,C0615,2025-07-03 11:51:03,DELIVERED,EAST
O00209,C0734,2025-08-11 11:48:59,PLACED,SOUTH
O00210,C0003,2025-03-23 03:21:28,DELIVERED,EAST
O00211,C0561,2025-09-18 10:30:26,DELIVERED,NORTH
O00212,C0047,26-02-2026 21:01:10,DELIVERED,WEST
O00213,C0110,2025-09-21 12:17:46,DELIVERED,SOUTH
O00214,C0124,2025-12-25 04:07:17,SHIPPED,SOUTH
O00215,C0734,2025-05-14 11:32:16,PLACED,WEST
O00216,C0048,2026-06-22 11:33:26,DELIVERED,CENTRAL
O00217,C0127,2026-06-06 20:54:52,CANCELLED,WEST
O00218,C0675,2026-06-27 21:43:51,PLACED,WEST
O00219,C0005,2026-05-11 23:21:14,DELIVERED,CENTRAL
O00220,C0444,2026-07-03 21:18:46,CANCELLED,SOUTH
O00221,C0709,02-06-2026 20:38:04,DELIVERED,SOUTH
O00222,C0107,2026-05-16 14:43:13,DELIVERED,CENTRAL
O00223,C0330,2026-06-03 18:38:48,CANCELLED,WEST
O00224,C0624,2026-06-08 16:54:07,DELIVERED,SOUTH
O00225,C0281,2026-01-09 12:25:01,RETURNED,EAST
O00226,C0464,2025-06-02 14:13:52,PLACED,CENTRAL
O00227,C0717,2026-06-29 12:22:50,DELIVERED,EAST
O00228,C0719,2026-07-03 17:55:18,CANCELLED,CENTRAL
O00229,C0648,2026-02-03 09:46:46,SHIPPED,CENTRAL
O00230,C0732,2025-02-11 16:47:39,DELIVERED,SOUTH
O00231,C0728,2026-01-30 22:29:18,RETURNED,SOUTH
O00232,C0516,2026-05-27 16:23:13,DELIVERED,EAST
O00233,,2024-12-11 15:18:35,DELIVERED,CENTRAL
O00234,C0492,2026-04-23 06:21:09,DELIVERED,CENTRAL
O00235,C0293,2026-06-14 13:21:40,DELIVERED,NORTH
O00236,C0536,2025-02-12 16:45:12,PLACED,SOUTH
O00237,C0055,2025-12-03 14:26:36,PLACED,EAST
O00238,C0769,2026-07-05 12:50:43,SHIPPED,EAST
O00239,C0700,2025-01-11 14:47:44,PLACED,NORTH
O00240,C0708,2026-06-10 07:22:13,SHIPPED,CENTRAL
O00241,C0034,2026-03-14 14:19:30,DELIVERED,NORTH
O00242,C0631,06-05-2026 05:21:07,DELIVERED,CENTRAL
O00243,C0230,2026-07-02 19:53:51,DELIVERED,SOUTH
O00244,C0524,2026-06-16 04:32:43,DELIVERED,EAST
O00245,C0710,2026-05-22 13:28:15,CANCELLED,WEST
O00246,C0427,2026-06-30 12:30:44,SHIPPED,CENTRAL
O00247,C0056,2024-07-11 01:41:22,DELIVERED,SOUTH
O00248,C0636,2026-05-06 20:32:13,DELIVERED,WEST
O00249,C0231,2026-04-26 19:35:44,DELIVERED,CENTRAL
O00250,C0757,2025-10-12 15:56:54,SHIPPED,SOUTH
O00251,C0302,2025-11-14 14:30:59,SHIPPED,NORTH
O00252,C0192,2025-08-21 23:46:33,DELIVERED,NORTH
O00253,C0387,2025-07-05 18:44:18,DELIVERED,CENTRAL
O00254,C0271,2024-10-10 00:36:57,SHIPPED,EAST
O00255,C0006,2025-03-14 18:08:13,DELIVERED,SOUTH
O00256,C0041,2025-05-20 09:14:19,CANCELLED,CENTRAL
O00257,C0053,2025-12-25 21:55:57,DELIVERED,CENTRAL
O00258,NULL,2026-01-05 01:35:58,PLACED,EAST
O00259,C0539,2025-11-03 20:23:20,RETURNED,CENTRAL
O00260,C0070,2026-05-12 16:54:57,DELIVERED,WEST
O00261,C0557,2025-08-22 03:04:32,DELIVERED,EAST
O00262,C0227,2026-03-04 20:36:05,DELIVERED,EAST
O00263,C0370,2026-03-03 00:09:20,SHIPPED,CENTRAL
O00264,C0544,2025-07-04 19:58:46,RETURNED,NORTH
O00265,C0118,2026-05-25 18:57:30,SHIPPED,SOUTH
O00266,C0658,15-12-2025 16:13:03,CANCELLED,SOUTH
O00267,C0041,2026-07-05 03:40:46,CANCELLED,WEST
O00268,C0117,2025-04-26 17:14:55,SHIPPED,EAST
O00269,C0026,2025-10-13 11:06:52,DELIVERED,EAST
O00270,C0527,2026-06-26 18:47:39,DELIVERED,WEST
O00271,C0045,2025-02-16 05:55:46,CANCELLED,SOUTH
O00272,C0329,2025-08-04 03:41:29,PLACED,NORTH
O00273,C0172,2025-06-16 16:39:07,DELIVERED,SOUTH
O00274,C0687,2026-06-28 05:45:00,DELIVERED,WEST
O00275,C0107,2026-04-28 23:02:06,DELIVERED,WEST
O00276,C0663,2025-04-10 00:25:24,DELIVERED,SOUTH
O00277,C0025,2026-03-30 16:34:43,DELIVERED,NORTH
O00278,C0090,2025-02-08 21:26:32,PLACED,EAST
O00279,C0572,2024-11-18 17:08:08,DELIVERED,SOUTH
O00280,C0265,2025-07-07 14:49:32,DELIVERED,WEST
O00281,C0444,2026-06-17 17:16:31,PLACED,NORTH
O00282,C0548,2025-09-11 06:58:55,DELIVERED,CENTRAL
O00283,C0065,2026-06-10 10:15:44,PLACED,NORTH
O00284,C0367,2026-06-23 20:03:50,DELIVERED,EAST
O00285,C0703,2025-10-01 01:35:03,DELIVERED,EAST
O00286,C0784,2026-07-06 23:40:23,DELIVERED,WEST
O00287,C0677,2026-04-14 23:48:49,DELIVERED,CENTRAL
O00288,C0226,2024-10-14 22:20:04,DELIVERED,CENTRAL
O00289,C0303,2026-06-22 05:44:02,PLACED,EAST
O00290,C0012,2025-09-03 22:26:19,CANCELLED,SOUTH
O00291,C0127,2025-08-27 05:21:14,PLACED,CENTRAL
O00292,C0404,2026-04-17 14:37:11,DELIVERED,NORTH
O00293,C0313,2025-03-10 03:40:10,DELIVERED,EAST
O00294,C0217,2025-05-17 12:26:14,CANCELLED,CENTRAL
O00295,C0146,2025-12-29 12:12:12,SHIPPED,CENTRAL
O00296,C0259,2025-10-16 22:30:11,PLACED,CENTRAL
O00297,NULL,2026-04-23 07:01:02,DELIVERED,CENTRAL
O00298,C0473,2026-05-18 08:48:07,DELIVERED,EAST
O00299,C0688,2024-08-22 07:43:58,SHIPPED,SOUTH
O00300,C0744,2026-06-20 23:05:14,DELIVERED,EAST
O00301,C0366,2025-10-11 19:03:06,DELIVERED,SOUTH
O00302,C0103,2025-12-01 17:40:14,DELIVERED,SOUTH
O00303,NULL,2026-03-30 16:33:17,DELIVERED,CENTRAL
O00304,C0676,2025-02-23 10:12:14,DELIVERED,SOUTH
O00305,C0580,2025-09-14 07:04:17,DELIVERED,EAST
O00306,C0439,2025-08-20 23:40:06,PLACED,SOUTH
O00307,C0227,2026-05-30 08:58:15,SHIPPED,EAST
O00308,C0138,2025-12-10 20:17:33,DELIVERED,WEST
O00309,NULL,2026-02-15 23:02:13,DELIVERED,EAST
O00310,C0499,2026-06-01 02:58:37,PLACED,CENTRAL
O00311,C0084,2026-04-30 20:09:31,SHIPPED,SOUTH
O00312,C0552,2026-01-31 06:52:41,SHIPPED,NORTH
O00313,C0745,2024-08-28 13:33:25,CANCELLED,CENTRAL
O00314,C0647,2025-07-10 02:45:04,DELIVERED,CENTRAL
O00315,C0415,2026-02-18 10:55:55,DELIVERED,NORTH
O00316,C0565,2025-09-24 10:14:25,DELIVERED,CENTRAL
O00317,C0484,2025-11-20 21:43:52,DELIVERED,EAST
O00318,C0402,2026-03-09 17:22:07,CANCELLED,CENTRAL
O00319,C0751,2026-03-04 00:18:31,PLACED,CENTRAL
O00320,C0523,2026-03-21 14:00:44,DELIVERED,CENTRAL
O00321,C0011,2026-04-03 08:36:40,SHIPPED,CENTRAL
O00322,C0701,2026-06-07 02:26:36,DELIVERED,SOUTH
O00323,C0457,2024-11-01 16:07:15,SHIPPED,CENTRAL
O00324,C0676,2026-05-09 10:53:45,RETURNED,WEST
O00325,C0368,2026-05-19 22:11:06,SHIPPED,WEST
O00326,C0238,2025-11-12 09:54:30,SHIPPED,SOUTH
O00327,C0044,2026-06-05 07:20:20,SHIPPED,EAST
O00328,C0398,2026-05-10 04:50:25,CANCELLED,NORTH
O00329,C0041,2026-06-08 17:22:39,SHIPPED,CENTRAL
O00330,NULL,2026-06-29 04:52:19,SHIPPED,EAST
O00331,C0593,2025-08-27 19:25:14,DELIVERED,WEST
O00332,C0670,2025-09-15 00:05:47,DELIVERED,NORTH
O00333,C0530,2025-06-28 09:54:38,DELIVERED,SOUTH
O00334,C0529,2026-06-16 16:50:25,DELIVERED,EAST
O00335,C0499,2026-05-18 14:47:45,CANCELLED,NORTH
O00336,C0514,2026-02-09 23:16:42,DELIVERED,SOUTH
O00337,NULL,2025-08-04 15:44:40,DELIVERED,SOUTH
O00338,C0154,2025-08-16 04:10:27,SHIPPED,CENTRAL
O00339,C0735,2026-03-27 13:08:47,PLACED,SOUTH
O00340,C0425,2026-05-05 00:40:36,SHIPPED,NORTH
O00341,,2026-05-09 21:45:06,DELIVERED,CENTRAL
O00342,C0166,2026-04-19 13:51:29,PLACED,NORTH
O00343,C0131,2026-07-07 17:16:54,DELIVERED,SOUTH
O00344,C0645,2025-08-03 04:21:17,PLACED,CENTRAL
O00345,C0151,2025-02-09 10:16:31,SHIPPED,SOUTH
O00346,C0530,2025-10-25 22:15:12,DELIVERED,CENTRAL
O00347,C0653,2025-06-22 11:06:09,CANCELLED,EAST
O00348,C0088,2025-03-07 05:35:38,DELIVERED,WEST
O00349,C0494,2025-09-12 11:35:43,SHIPPED,WEST
O00350,C0616,19-10-2024 20:20:49,DELIVERED,SOUTH
O00351,C0639,2026-05-26 09:02:48,SHIPPED,EAST
O00352,C0465,2026-06-24 23:00:42,DELIVERED,SOUTH
O00353,C0388,2025-04-26 09:31:49,PLACED,NORTH
O00354,C0208,2026-01-19 00:02:44,CANCELLED,CENTRAL
O00355,C0701,2026-07-01 18:11:35,DELIVERED,CENTRAL
O00356,C0099,2025-07-13 19:23:21,DELIVERED,CENTRAL
O00357,C0615,2024-07-31 07:41:39,CANCELLED,CENTRAL
O00358,C0516,2025-12-13 15:19:56,PLACED,SOUTH
O00359,C0618,2026-05-31 10:30:34,DELIVERED,WEST
O00360,C0535,2025-05-23 18:07:06,DELIVERED,NORTH
O00361,C0715,2026-03-08 18:14:52,DELIVERED,WEST
O00362,C0788,2025-06-07 02:45:48,DELIVERED,CENTRAL
O00363,C0101,2026-03-09 05:50:55,PLACED,WEST
O00364,C0785,2026-05-01 13:47:39,CANCELLED,NORTH
O00365,C0291,2026-03-14 08:29:19,CANCELLED,WEST
O00366,C0264,2025-01-10 19:36:25,PLACED,NORTH
O00367,C0592,2025-11-14 20:51:48,PLACED,NORTH
O00368,C0385,2026-04-09 09:37:26,SHIPPED,EAST
O00369,C0419,2026-06-22 04:08:59,PLACED,WEST
O00370,C0668,2025-09-28 16:05:28,SHIPPED,CENTRAL
O00371,C0434,2026-02-21 00:05:59,DELIVERED,WEST
O00372,C0774,2024-12-06 05:07:30,DELIVERED,CENTRAL
O00373,C0495,2026-03-07 16:53:37,DELIVERED,CENTRAL
O00374,C0496,2025-12-09 13:22:44,RETURNED,CENTRAL
O00375,C0353,2026-06-22 23:41:10,DELIVERED,SOUTH
O00376,C0676,2024-10-01 11:55:10,DELIVERED,WEST
O00377,,2024-12-13 16:04:46,PLACED,CENTRAL
O00378,C0411,25-08-2025 20:56:19,DELIVERED,CENTRAL
O00379,C0714,2025-12-14 17:12:22,DELIVERED,SOUTH
O00380,C0399,06-11-2025 21:35:57,PLACED,NORTH
O00381,C0149,2026-03-28 04:16:13,CANCELLED,WEST
O00382,C0091,2024-08-19 18:32:46,SHIPPED,EAST
O00383,C0082,2025-05-31 07:48:37,DELIVERED,WEST
O00384,C0629,2026-05-07 19:59:47,DELIVERED,CENTRAL
O00385,,2026-05-28 00:24:40,DELIVERED,WEST
O00386,C0011,2025-10-06 08:02:51,CANCELLED,CENTRAL
O00387,C0293,2024-12-31 06:20:16,PLACED,CENTRAL
O00388,C0523,2026-06-12 03:51:56,DELIVERED,CENTRAL
O00389,C0174,2025-12-08 00:06:50,DELIVERED,NORTH
O00390,C0162,2024-09-06 10:52:02,RETURNED,WEST
O00391,C0362,2025-12-03 03:24:19,DELIVERED,CENTRAL
O00392,C0206,2026-03-20 03:25:24,PLACED,NORTH
O00393,C0093,2026-05-23 10:34:29,SHIPPED,CENTRAL
O00394,C0597,2025-03-28 08:57:56,SHIPPED,EAST
O00395,C0232,2026-07-03 20:55:44,RETURNED,WEST
O00396,C0414,2026-03-27 21:40:38,SHIPPED,WEST
O00397,C0519,2026-04-19 16:09:45,DELIVERED,CENTRAL
O00398,C0302,2025-08-22 01:25:24,RETURNED,CENTRAL
O00399,C0264,2026-06-28 11:55:51,DELIVERED,CENTRAL
O00400,C0257,2026-06-04 22:54:10,RETURNED,CENTRAL
O00401,C0496,2026-06-28 00:36:51,SHIPPED,EAST
O00402,C0795,2026-01-19 04:46:38,DELIVERED,CENTRAL
O00403,C0029,2026-04-27 14:08:37,PLACED,NORTH
O00404,C0392,2025-11-05 04:18:43,DELIVERED,SOUTH
O00405,C0694,2026-05-26 14:52:11,SHIPPED,EAST
O00406,C0423,2026-03-01 03:05:44,DELIVERED,NORTH
O00407,,2025-12-21 13:11:38,SHIPPED,NORTH
O00408,C0409,2026-06-29 19:39:35,DELIVERED,EAST
O00409,C0078,2026-06-09 08:47:40,RETURNED,WEST
O00410,C0322,2025-07-08 14:25:28,SHIPPED,CENTRAL
O00411,C0276,02-11-2025 23:40:28,RETURNED,SOUTH
O00412,C0511,2025-10-12 02:03:14,SHIPPED,SOUTH
O00413,C0272,2024-12-08 14:37:59,SHIPPED,SOUTH
O00414,C0634,2025-09-07 12:49:52,SHIPPED,NORTH
O00415,C0123,2026-01-14 11:33:25,DELIVERED,WEST
O00416,C0629,2025-08-28 13:44:13,DELIVERED,CENTRAL
O00417,C0044,2026-01-11 14:34:33,DELIVERED,EAST
O00418,C0505,2026-06-10 02:54:31,CANCELLED,WEST
O00419,C0188,2026-05-14 14:52:56,CANCELLED,EAST
O00420,C0408,2025-06-23 12:06:34,DELIVERED,SOUTH
O00421,C0056,2025-08-13 08:25:08,DELIVERED,WEST
O00422,C0554,2024-07-26 07:00:42,DELIVERED,WEST
O00423,C0703,2025-06-24 18:30:53,DELIVERED,NORTH
O00424,C0716,2025-09-07 12:02:38,DELIVERED,NORTH
O00425,C0013,2026-03-10 20:21:16,DELIVERED,NORTH
O00426,C0334,2025-05-05 20:45:21,DELIVERED,EAST
O00427,C0192,2026-06-09 01:57:46,SHIPPED,EAST
O00428,C0483,2026-02-06 04:42:53,SHIPPED,SOUTH
O00429,C0511,2026-04-04 06:52:05,SHIPPED,EAST
O00430,NULL,2026-04-25 13:47:33,DELIVERED,WEST
O00431,C0185,2025-09-17 19:50:57,PLACED,CENTRAL
O00432,C0703,2025-08-05 12:47:34,DELIVERED,EAST
O00433,C0242,2026-07-06 22:02:09,DELIVERED,WEST
O00434,C0201,2025-09-16 15:21:43,DELIVERED,SOUTH
O00435,C0485,2026-06-29 21:22:24,PLACED,WEST
O00436,C0512,2025-09-28 10:44:01,RETURNED,CENTRAL
O00437,C0547,2026-04-14 14:47:28,DELIVERED,EAST
O00438,C0257,2026-01-02 12:40:58,DELIVERED,SOUTH
O00439,,2025-07-31 08:36:07,DELIVERED,WEST
O00440,C0645,2024-09-13 19:11:50,DELIVERED,EAST
O00441,C0267,2026-06-12 12:33:04,DELIVERED,CENTRAL
O00442,C0264,2025-05-11 07:14:23,PLACED,NORTH
O00443,NULL,2026-06-24 23:05:58,RETURNED,SOUTH
O00444,C0591,2025-09-21 07:27:02,DELIVERED,CENTRAL
O00445,C0179,2026-03-04 12:44:44,DELIVERED,CENTRAL
O00446,C0500,2026-04-10 13:41:26,CANCELLED,WEST
O00447,C0629,2025-12-15 06:35:35,DELIVERED,SOUTH
O00448,,2026-02-28 01:22:26,DELIVERED,CENTRAL
O00449,C0586,2025-12-29 04:45:18,DELIVERED,NORTH
O00450,C0082,2025-09-04 19:53:21,SHIPPED,EAST
O00451,C0325,2026-02-27 03:38:16,DELIVERED,CENTRAL
O00452,C0661,2026-04-15 18:57:19,SHIPPED,WEST
O00453,C0800,2026-05-02 03:52:42,RETURNED,CENTRAL
O00454,C0534,2026-01-03 17:59:20,DELIVERED,SOUTH
O00455,C0024,2025-05-21 02:54:46,DELIVERED,EAST
O00456,C0762,2025-12-27 05:56:14,DELIVERED,SOUTH
O00457,C0171,2026-05-16 02:21:59,PLACED,NORTH
O00458,C0485,2026-03-21 23:46:22,PLACED,WEST
O00459,C0537,2025-11-28 07:57:26,PLACED,CENTRAL
O00460,C0160,2025-10-28 17:50:16,DELIVERED,WEST
O00461,C0317,2026-02-18 12:52:34,SHIPPED,EAST
O00462,C0454,2026-06-02 15:36:41,PLACED,CENTRAL
O00463,C0175,2025-08-19 02:18:13,PLACED,EAST
O00464,C0334,2026-05-31 06:37:21,DELIVERED,CENTRAL
O00465,C0279,2026-05-12 12:30:38,PLACED,CENTRAL
O00466,C0182,2026-06-04 08:44:09,DELIVERED,CENTRAL
O00467,C0446,2026-04-24 15:29:58,DELIVERED,CENTRAL
O00468,C0318,2026-06-06 23:33:20,SHIPPED,CENTRAL
O00469,C0233,2025-11-07 18:42:14,DELIVERED,EAST
O00470,C0423,2026-01-23 21:34:37,SHIPPED,NORTH
O00471,C0001,2025-09-14 11:19:18,DELIVERED,SOUTH
O00472,C0353,2026-01-11 08:49:04,DELIVERED,NORTH
O00473,C0705,2026-03-29 01:08:07,RETURNED,WEST
O00474,C0307,2025-10-12 13:07:19,DELIVERED,EAST
O00475,C0612,2025-12-18 19:05:01,DELIVERED,CENTRAL
O00476,C0383,2025-07-10 11:13:04,DELIVERED,CENTRAL
O00477,C0448,2025-12-12 07:21:21,SHIPPED,WEST
O00478,C0388,2024-12-19 08:08:27,SHIPPED,WEST
O00479,C0641,2025-04-03 01:45:21,DELIVERED,CENTRAL
O00480,C0711,2025-12-14 18:37:12,SHIPPED,CENTRAL
O00481,C0276,2026-01-31 08:32:35,SHIPPED,NORTH
O00482,C0187,2025-04-30 02:51:23,SHIPPED,WEST
O00483,C0633,2026-06-04 23:01:26,SHIPPED,CENTRAL
O00484,C0504,2024-11-23 20:38:56,SHIPPED,SOUTH
O00485,C0051,2026-04-14 18:17:19,PLACED,NORTH
O00486,C0289,2025-10-13 02:09:39,PLACED,WEST
O00487,C0745,2024-07-07 08:56:07,SHIPPED,SOUTH
O00488,C0016,2026-05-21 08:59:23,SHIPPED,WEST
O00489,C0320,2026-07-02 02:46:12,RETURNED,WEST
O00490,C0714,2026-03-07 17:13:33,PLACED,NORTH
O00491,C0769,2026-03-03 08:49:07,PLACED,WEST
O00492,C0074,2026-02-13 21:49:54,DELIVERED,SOUTH
O00493,C0257,2026-05-12 04:33:33,DELIVERED,NORTH
O00494,C0787,2025-08-30 08:59:41,DELIVERED,WEST
O00495,C0254,2025-06-19 00:40:37,SHIPPED,NORTH
O00496,C0534,2026-06-20 07:17:12,RETURNED,WEST
O00497,C0399,2025-12-12 07:00:19,RETURNED,EAST
O00498,C0163,2026-03-18 04:36:02,DELIVERED,CENTRAL
O00499,C0534,2025-04-23 20:52:58,SHIPPED,EAST
O00500,C0204,2026-01-26 23:25:11,CANCELLED,SOUTH
O00501,C0116,2024-12-31 06:43:19,DELIVERED,EAST
O00502,C0016,2025-09-09 23:49:23,DELIVERED,CENTRAL
O00503,C0123,2026-05-17 17:12:02,DELIVERED,NORTH
O00504,C0044,2026-03-29 08:03:38,DELIVERED,WEST
O00505,C0705,2026-05-08 13:06:04,SHIPPED,NORTH
O00506,C0255,2025-10-13 05:51:22,DELIVERED,CENTRAL
O00507,C0347,2026-05-24 13:18:40,PLACED,EAST
O00508,C0661,2026-02-27 21:18:42,DELIVERED,NORTH
O00509,C0129,2026-03-18 22:03:01,SHIPPED,CENTRAL
O00510,C0661,2026-06-24 22:27:57,SHIPPED,WEST
O00511,C0751,2026-01-24 22:34:01,PLACED,WEST
O00512,C0367,2026-01-16 15:46:44,PLACED,NORTH
O00513,C0497,2026-04-07 20:27:46,DELIVERED,EAST
O00514,C0556,2026-05-06 07:59:18,SHIPPED,SOUTH
O00515,C0557,2025-03-28 00:56:21,SHIPPED,WEST
O00516,C0282,2026-04-28 03:15:16,PLACED,SOUTH
O00517,C0461,2026-05-29 09:56:04,DELIVERED,CENTRAL
O00518,C0376,2025-12-06 16:38:44,PLACED,CENTRAL
O00519,C0389,2026-06-20 20:22:17,SHIPPED,NORTH
O00520,C0635,2025-08-17 18:51:12,DELIVERED,SOUTH
O00521,C0329,2026-01-12 00:28:50,PLACED,CENTRAL
O00522,C0397,2025-12-23 17:42:41,DELIVERED,WEST
O00523,C0785,2026-06-01 13:00:47,SHIPPED,EAST
O00524,C0331,2026-03-17 07:18:36,DELIVERED,NORTH
O00525,C0099,2026-04-08 09:09:53,DELIVERED,NORTH
O00526,C0133,2025-08-26 09:02:03,CANCELLED,SOUTH
O00527,C0110,2026-03-19 23:57:28,SHIPPED,NORTH
O00528,C0585,2025-11-11 11:07:05,DELIVERED,WEST
O00529,C0539,2025-12-01 19:02:24,PLACED,SOUTH
O00530,C0621,2025-05-28 01:11:11,PLACED,SOUTH
O00531,C0672,2026-02-20 16:27:44,CANCELLED,NORTH
O00532,NULL,2026-03-15 04:05:38,DELIVERED,EAST
O00533,C0572,2026-04-25 11:25:26,RETURNED,WEST
O00534,C0378,2026-03-09 21:53:06,DELIVERED,CENTRAL
O00535,C0273,2026-04-20 17:24:56,PLACED,NORTH
O00536,C0312,2025-07-30 12:49:14,RETURNED,CENTRAL
O00537,C0100,2025-03-13 14:58:22,DELIVERED,CENTRAL
O00538,C0395,2025-08-13 03:47:53,SHIPPED,SOUTH
O00539,NULL,2025-10-29 16:54:13,RETURNED,CENTRAL
O00540,C0768,2026-06-23 04:33:51,DELIVERED,NORTH
O00541,C0785,2026-06-10 00:06:08,DELIVERED,WEST
O00542,C0720,2026-06-08 04:15:14,DELIVERED,NORTH
O00543,C0171,2026-04-04 00:42:31,DELIVERED,CENTRAL
O00544,C0346,2026-05-10 17:16:57,SHIPPED,CENTRAL
O00545,C0454,2026-04-10 09:56:57,CANCELLED,CENTRAL
O00546,C0333,2025-09-13 17:21:14,DELIVERED,WEST
O00547,C0744,2025-12-03 05:33:43,DELIVERED,CENTRAL
O00548,C0559,2025-01-06 03:54:34,DELIVERED,CENTRAL
O00549,C0763,2025-01-14 08:33:52,DELIVERED,WEST
O00550,C0459,2025-05-05 10:18:16,PLACED,NORTH
O00551,C0292,2026-04-04 08:54:43,PLACED,SOUTH
O00552,C0310,2025-08-04 13:13:33,SHIPPED,SOUTH
O00553,C0220,2025-08-28 14:14:55,PLACED,EAST
O00554,C0567,2026-05-15 02:47:28,DELIVERED,CENTRAL
O00555,C0159,2025-12-14 14:49:11,PLACED,EAST
O00556,C0160,2025-11-18 18:03:28,SHIPPED,CENTRAL
O00557,C0256,2025-10-02 11:39:46,SHIPPED,EAST
O00558,C0095,2026-05-26 06:23:23,DELIVERED,SOUTH
O00559,C0752,2024-09-18 23:08:29,DELIVERED,WEST
O00560,C0178,2025-09-07 06:07:54,DELIVERED,CENTRAL
O00561,C0098,2026-05-17 07:56:02,PLACED,CENTRAL
O00562,C0391,2024-08-30 22:55:28,DELIVERED,EAST
O00563,C0357,2026-01-22 08:01:14,DELIVERED,NORTH
O00564,C0789,2024-12-24 02:19:25,DELIVERED,CENTRAL
O00565,C0012,2025-11-05 08:30:43,DELIVERED,WEST
O00566,C0056,2025-02-22 17:34:27,DELIVERED,EAST
O00567,C0553,2025-10-04 18:44:22,PLACED,CENTRAL
O00568,C0715,2025-11-08 17:58:43,SHIPPED,WEST
O00569,C0457,2026-02-05 17:57:30,DELIVERED,CENTRAL
O00570,C0093,2026-01-16 05:59:17,DELIVERED,WEST
O00571,C0152,2025-02-13 16:10:56,SHIPPED,WEST
O00572,C0586,2026-05-10 10:50:22,PLACED,WEST
O00573,C0269,2025-05-07 01:59:14,DELIVERED,WEST
O00574,C0793,2025-08-09 06:22:09,DELIVERED,WEST
O00575,C0573,2024-12-01 21:00:38,DELIVERED,CENTRAL
O00576,C0201,2026-02-24 22:27:40,DELIVERED,CENTRAL
O00577,C0253,2025-10-18 05:04:50,PLACED,WEST
O00578,C0332,2026-03-31 20:26:27,CANCELLED,NORTH
O00579,C0116,2025-12-04 18:16:55,DELIVERED,EAST
O00580,C0357,2025-07-16 22:59:10,SHIPPED,CENTRAL
O00581,C0672,2025-02-22 19:14:52,DELIVERED,SOUTH
O00582,C0359,2026-04-08 11:23:37,DELIVERED,WEST
O00583,C0046,2025-09-16 08:33:41,SHIPPED,EAST
O00584,C0160,2026-07-05 21:59:19,CANCELLED,NORTH
O00585,C0758,2026-02-19 14:09:56,SHIPPED,CENTRAL
O00586,C0152,2025-06-14 10:50:19,PLACED,NORTH
O00587,C0313,2025-09-12 13:45:20,DELIVERED,EAST
O00588,C0215,2026-04-30 09:25:15,DELIVERED,SOUTH
O00589,C0560,2025-08-11 10:22:58,DELIVERED,CENTRAL
O00590,C0495,2026-06-01 23:35:10,DELIVERED,SOUTH
O00591,C0712,2025-06-12 06:47:12,DELIVERED,CENTRAL
O00592,C0045,2025-01-15 10:03:05,SHIPPED,EAST
O00593,C0206,2026-06-05 23:41:54,SHIPPED,WEST
O00594,C0671,2025-11-10 05:40:48,PLACED,EAST
O00595,C0679,2026-06-03 19:58:38,CANCELLED,EAST
O00596,C0111,2026-01-03 16:54:41,SHIPPED,WEST
O00597,C0237,2026-06-27 23:05:53,DELIVERED,NORTH
O00598,C0324,2026-05-27 05:22:43,CANCELLED,CENTRAL
O00599,C0091,2024-11-22 19:04:19,SHIPPED,WEST
O00600,C0575,2026-06-19 16:41:39,PLACED,SOUTH
O00601,C0543,2025-12-29 10:07:49,SHIPPED,WEST
O00602,C0763,2024-10-30 22:47:24,PLACED,EAST
O00603,C0364,2026-06-14 15:09:00,SHIPPED,CENTRAL
O00604,C0283,2026-05-28 07:23:23,PLACED,EAST
O00605,C0397,2025-10-22 10:38:31,RETURNED,EAST
O00606,C0231,01-02-2026 22:01:21,SHIPPED,WEST
O00607,C0673,2025-10-17 07:21:44,PLACED,WEST
O00608,C0534,2026-06-29 14:44:27,DELIVERED,SOUTH
O00609,,2025-09-22 08:19:30,DELIVERED,WEST
O00610,C0320,20-02-2026 18:18:44,DELIVERED,SOUTH
O00611,C0212,2026-06-23 09:29:09,PLACED,CENTRAL
O00612,C0701,2026-06-10 15:25:01,CANCELLED,EAST
O00613,C0706,2026-06-27 22:10:25,CANCELLED,SOUTH
O00614,C0441,2025-05-04 17:50:12,DELIVERED,CENTRAL
O00615,C0162,2025-03-04 14:33:30,PLACED,CENTRAL
O00616,C0737,2025-06-14 22:53:56,SHIPPED,SOUTH
O00617,C0745,2024-07-23 21:36:33,DELIVERED,WEST
O00618,C0422,2026-03-02 21:42:16,DELIVERED,EAST
O00619,C0156,2026-01-13 23:40:05,PLACED,SOUTH
O00620,C0027,2025-12-11 06:40:46,DELIVERED,CENTRAL
O00621,C0237,2026-06-13 13:01:28,SHIPPED,NORTH
O00622,C0368,2026-05-23 17:11:28,DELIVERED,WEST
O00623,C0138,2025-07-26 04:00:32,DELIVERED,WEST
O00624,C0730,2026-06-28 03:12:31,DELIVERED,WEST
O00625,C0504,2025-07-04 01:08:48,PLACED,SOUTH
O00626,C0232,2026-05-09 03:06:01,DELIVERED,NORTH
O00627,C0277,2026-04-19 19:41:55,SHIPPED,SOUTH
O00628,C0776,2025-03-03 21:18:50,PLACED,WEST
O00629,C0632,2026-06-16 18:49:29,DELIVERED,WEST
O00630,C0253,2026-03-11 02:12:56,DELIVERED,NORTH
O00631,C0623,2026-01-23 03:34:40,DELIVERED,EAST
O00632,C0404,2026-05-16 11:38:18,RETURNED,CENTRAL
O00633,C0609,2026-06-07 10:44:07,DELIVERED,NORTH
O00634,C0534,2025-04-13 21:48:12,DELIVERED,NORTH
O00635,C0252,2025-08-07 21:19:05,DELIVERED,NORTH
O00636,C0572,2025-07-22 21:37:09,DELIVERED,NORTH
O00637,C0195,2026-06-12 03:14:54,DELIVERED,EAST
O00638,C0793,2025-12-08 01:50:03,DELIVERED,WEST
O00639,C0302,2026-03-22 05:39:04,CANCELLED,CENTRAL
O00640,C0146,2026-04-26 00:52:08,DELIVERED,WEST
O00641,C0093,2026-05-04 10:28:07,PLACED,CENTRAL
O00642,C0713,2026-04-16 02:26:30,PLACED,WEST
O00643,C0332,2025-10-01 05:07:17,PLACED,WEST
O00644,C0605,2025-10-24 20:17:07,CANCELLED,NORTH
O00645,C0257,19-04-2026 20:35:45,DELIVERED,SOUTH
O00646,C0736,2025-11-28 23:30:56,PLACED,WEST
O00647,C0650,2025-09-23 21:45:18,PLACED,WEST
O00648,C0745,2026-03-07 10:33:00,RETURNED,CENTRAL
O00649,NULL,2026-02-27 01:32:26,DELIVERED,NORTH
O00650,C0787,2025-06-30 17:31:36,CANCELLED,CENTRAL
O00651,C0676,2026-05-02 01:22:50,SHIPPED,SOUTH
O00652,C0184,2026-06-25 01:31:38,PLACED,EAST
O00653,C0317,2026-05-26 18:48:01,DELIVERED,WEST
O00654,C0296,2025-12-15 13:55:39,SHIPPED,SOUTH
O00655,C0208,2024-12-11 17:51:28,DELIVERED,EAST
O00656,C0013,15-06-2026 02:51:33,DELIVERED,WEST
O00657,C0557,2026-03-20 04:02:38,PLACED,WEST
O00658,C0244,2025-09-21 05:24:38,DELIVERED,WEST
O00659,C0465,2026-06-15 21:51:39,DELIVERED,CENTRAL
O00660,C0615,2024-07-06 02:31:48,SHIPPED,CENTRAL
O00661,C0285,2026-06-27 08:19:08,DELIVERED,SOUTH
O00662,C0051,2025-11-29 18:50:00,PLACED,EAST
O00663,C0038,2025-05-04 21:58:31,CANCELLED,CENTRAL
O00664,,2026-02-26 21:40:36,SHIPPED,NORTH
O00665,C0051,2025-10-31 06:54:23,DELIVERED,SOUTH
O00666,C0166,2026-03-01 10:37:07,DELIVERED,CENTRAL
O00667,C0587,2026-03-04 12:28:37,DELIVERED,WEST
O00668,C0768,2026-06-25 05:05:21,DELIVERED,NORTH
O00669,C0096,2026-04-22 02:48:48,SHIPPED,WEST
O00670,C0070,2026-04-21 02:23:00,DELIVERED,CENTRAL
O00671,C0067,2026-02-19 17:23:55,DELIVERED,NORTH
O00672,C0712,2025-12-28 03:31:56,SHIPPED,WEST
O00673,C0538,2024-12-10 23:48:04,DELIVERED,CENTRAL
O00674,C0060,2025-05-09 21:32:28,DELIVERED,CENTRAL
O00675,C0090,2025-12-24 16:07:53,DELIVERED,CENTRAL
O00676,C0724,2025-07-28 01:33:33,DELIVERED,EAST
O00677,C0266,2026-05-19 00:30:02,DELIVERED,CENTRAL
O00678,C0363,2026-06-30 00:37:27,PLACED,CENTRAL
O00679,C0509,2025-09-15 16:01:05,DELIVERED,WEST
O00680,C0505,2026-01-07 20:51:24,CANCELLED,SOUTH
O00681,C0726,2025-11-07 15:05:23,RETURNED,NORTH
O00682,C0122,2025-10-23 07:34:23,DELIVERED,NORTH
O00683,C0756,2025-07-01 00:55:36,DELIVERED,WEST
O00684,C0424,2025-08-23 16:01:04,SHIPPED,CENTRAL
O00685,C0653,2025-11-19 22:15:57,PLACED,SOUTH
O00686,C0707,2025-05-28 17:54:08,SHIPPED,NORTH
O00687,C0316,2025-12-24 05:41:57,DELIVERED,EAST
O00688,C0786,2024-07-05 18:17:42,PLACED,EAST
O00689,C0350,2026-06-13 05:25:51,DELIVERED,CENTRAL
O00690,C0030,2026-04-25 06:24:05,SHIPPED,EAST
O00691,C0347,2026-06-30 07:48:16,DELIVERED,WEST
O00692,C0037,2026-06-18 16:28:43,PLACED,SOUTH
O00693,C0643,2025-06-23 18:32:26,CANCELLED,CENTRAL
O00694,C0344,2025-10-03 05:04:01,DELIVERED,WEST
O00695,C0761,2025-12-18 18:09:55,DELIVERED,EAST
O00696,C0579,2026-01-15 02:18:40,DELIVERED,CENTRAL
O00697,C0549,2025-05-30 12:56:12,SHIPPED,EAST
O00698,C0363,2026-01-13 20:34:30,RETURNED,EAST
O00699,C0032,2025-07-29 10:15:33,RETURNED,CENTRAL
O00700,C0170,2026-04-01 11:52:09,DELIVERED,SOUTH
O00701,NULL,2024-11-16 18:08:30,CANCELLED,EAST
O00702,C0723,2026-06-26 06:51:51,SHIPPED,NORTH
O00703,C0279,2026-04-18 11:05:16,PLACED,SOUTH
O00704,C0381,2026-04-10 18:02:10,DELIVERED,EAST
O00705,C0222,2025-11-09 20:34:52,SHIPPED,NORTH
O00706,C0384,2025-05-07 01:05:38,DELIVERED,NORTH
O00707,C0455,2026-06-17 03:03:11,PLACED,WEST
O00708,C0513,2025-05-12 16:13:04,SHIPPED,WEST
O00709,C0751,2026-06-02 08:33:58,SHIPPED,EAST
O00710,C0147,2026-02-18 16:10:22,CANCELLED,CENTRAL
O00711,C0693,2024-10-12 02:01:37,SHIPPED,NORTH
O00712,C0471,2026-05-30 15:08:45,DELIVERED,CENTRAL
O00713,,2025-01-15 04:36:48,SHIPPED,NORTH
O00714,C0704,2026-06-09 18:10:39,DELIVERED,NORTH
O00715,C0342,2025-07-10 15:11:51,CANCELLED,NORTH
O00716,NULL,2026-06-14 20:21:26,DELIVERED,NORTH
O00717,C0592,2026-05-17 03:20:58,SHIPPED,SOUTH
O00718,C0329,2024-12-03 18:37:32,SHIPPED,EAST
O00719,C0546,25-01-2026 21:22:59,DELIVERED,NORTH
O00720,C0280,2025-10-27 23:46:12,SHIPPED,NORTH
O00721,C0016,2026-06-06 06:47:07,PLACED,CENTRAL
O00722,C0359,2026-06-30 16:55:05,SHIPPED,SOUTH
O00723,C0722,2026-06-26 01:27:44,SHIPPED,SOUTH
O00724,C0176,2025-03-01 08:03:48,SHIPPED,EAST
O00725,C0554,2025-06-10 14:11:29,PLACED,NORTH
O00726,C0483,2026-03-26 16:09:25,PLACED,WEST
O00727,NULL,2024-09-05 21:23:07,DELIVERED,SOUTH
O00728,C0722,2026-06-05 21:03:48,CANCELLED,WEST
O00729,C0632,2026-06-10 06:19:56,SHIPPED,SOUTH
O00730,C0731,2026-05-26 12:49:26,DELIVERED,CENTRAL
O00731,C0081,2026-06-12 00:04:09,DELIVERED,CENTRAL
O00732,C0135,2025-07-16 04:04:58,DELIVERED,WEST
O00733,C0100,2025-12-13 20:42:16,SHIPPED,WEST
O00734,C0482,2025-10-19 23:05:35,RETURNED,SOUTH
O00735,C0632,2026-06-05 12:39:11,CANCELLED,WEST
O00736,C0188,2026-03-25 09:45:42,CANCELLED,EAST
O00737,C0333,2025-11-16 01:48:31,DELIVERED,NORTH
O00738,C0487,2025-09-26 20:11:01,DELIVERED,WEST
O00739,C0175,2025-11-25 14:49:45,DELIVERED,CENTRAL
O00740,C0589,2024-10-07 22:47:46,DELIVERED,WEST
O00741,C0732,2026-03-11 20:38:29,PLACED,CENTRAL
O00742,C0666,2026-05-15 21:15:53,DELIVERED,CENTRAL
O00743,C0473,2026-02-12 15:52:49,DELIVERED,SOUTH
O00744,C0636,2025-01-06 06:43:50,DELIVERED,WEST
O00745,C0394,2026-01-20 19:51:41,SHIPPED,CENTRAL
O00746,C0442,2026-05-30 14:20:09,RETURNED,CENTRAL
O00747,C0351,2026-04-13 22:43:00,DELIVERED,SOUTH
O00748,C0679,2026-01-13 02:20:44,PLACED,CENTRAL
O00749,C0499,2026-03-08 04:46:59,DELIVERED,WEST
O00750,C0334,2025-10-03 03:35:05,PLACED,WEST
O00751,C0181,2026-02-03 06:12:07,RETURNED,NORTH
O00752,C0613,2026-01-29 05:34:24,DELIVERED,CENTRAL
O00753,C0790,27-06-2026 18:55:35,SHIPPED,NORTH
O00754,C0093,14-01-2026 12:17:19,DELIVERED,CENTRAL
O00755,C0774,2025-11-07 02:22:30,DELIVERED,SOUTH
O00756,C0677,2026-04-26 11:41:58,DELIVERED,EAST
O00757,C0400,2026-07-09 03:05:48,DELIVERED,SOUTH
O00758,C0211,2026-04-06 22:54:16,SHIPPED,EAST
O00759,C0446,2026-06-01 09:08:58,RETURNED,EAST
O00760,C0092,2026-04-02 07:24:32,PLACED,CENTRAL
O00761,C0414,2026-04-20 18:27:09,CANCELLED,NORTH
O00762,C0379,2026-01-12 07:57:37,RETURNED,NORTH
O00763,C0721,2026-06-03 11:51:37,DELIVERED,EAST
O00764,C0113,2025-08-26 04:45:41,CANCELLED,SOUTH
O00765,C0443,2026-05-07 17:10:56,DELIVERED,EAST
O00766,C0729,2025-10-07 07:42:56,DELIVERED,WEST
O00767,C0559,2025-01-04 01:21:10,DELIVERED,WEST
O00768,C0143,2024-11-24 04:48:09,DELIVERED,EAST
O00769,C0428,2025-08-19 21:52:31,SHIPPED,SOUTH
O00770,C0138,2024-07-10 00:17:27,PLACED,NORTH
O00771,C0148,2026-01-12 06:44:16,CANCELLED,WEST
O00772,C0140,2024-09-04 18:14:27,PLACED,WEST
O00773,C0467,2026-05-26 01:35:04,DELIVERED,CENTRAL
O00774,,2026-01-26 02:11:37,SHIPPED,CENTRAL
O00775,C0435,2026-02-10 18:57:30,DELIVERED,WEST
O00776,C0364,2025-08-08 08:06:56,SHIPPED,CENTRAL
O00777,C0008,2025-09-22 21:33:16,DELIVERED,SOUTH
O00778,C0730,2026-05-30 10:13:32,SHIPPED,CENTRAL
O00779,C0591,12-04-2025 00:49:01,PLACED,NORTH
O00780,C0582,2026-06-24 20:11:33,DELIVERED,NORTH
O00781,C0595,2026-06-17 09:01:35,RETURNED,NORTH
O00782,C0146,2026-05-20 10:28:43,RETURNED,EAST
O00783,C0477,2026-03-27 18:19:08,PLACED,CENTRAL
O00784,C0091,2025-01-07 11:26:34,DELIVERED,NORTH
O00785,C0701,2026-06-21 08:10:37,DELIVERED,EAST
O00786,C0548,2026-07-08 08:23:55,PLACED,WEST
O00787,C0525,2026-06-26 13:23:26,DELIVERED,EAST
O00788,C0432,2025-09-03 02:48:13,RETURNED,EAST
O00789,C0297,2025-08-31 01:17:21,PLACED,CENTRAL
O00790,C0768,2026-05-29 12:32:11,DELIVERED,CENTRAL
O00791,C0267,2026-05-28 23:33:24,DELIVERED,CENTRAL
O00792,C0174,04-07-2026 11:26:31,PLACED,EAST
O00793,C0756,2026-05-20 22:06:45,PLACED,WEST
O00794,C0085,2025-01-03 12:07:15,DELIVERED,EAST
O00795,C0259,2025-08-29 22:42:05,DELIVERED,EAST
O00796,C0264,2024-08-28 00:45:47,DELIVERED,CENTRAL
O00797,NULL,2026-07-01 19:41:50,DELIVERED,WEST
O00798,C0379,2025-03-28 05:40:52,SHIPPED,SOUTH
O00799,C0497,23-02-2025 10:31:39,DELIVERED,NORTH
O00800,C0352,2024-09-04 13:21:26,RETURNED,CENTRAL
O00801,C0158,2026-06-21 07:17:11,DELIVERED,WEST
O00802,C0789,2025-04-24 14:45:01,SHIPPED,WEST
O00803,C0744,2025-08-03 22:23:09,SHIPPED,EAST
O00804,C0056,2025-11-11 20:36:52,SHIPPED,NORTH
O00805,C0054,2025-06-26 04:17:52,DELIVERED,WEST
O00806,C0309,2026-06-25 05:46:50,DELIVERED,CENTRAL
O00807,C0240,2026-04-02 17:59:59,DELIVERED,WEST
O00808,C0486,2026-06-13 11:57:39,PLACED,WEST
O00809,C0013,2026-04-10 03:44:18,CANCELLED,WEST
O00810,C0392,2025-12-10 00:02:01,SHIPPED,CENTRAL
O00811,C0700,2024-08-01 20:37:25,PLACED,CENTRAL
O00812,C0653,2026-03-09 19:50:01,RETURNED,WEST
O00813,C0626,2026-06-14 01:32:36,DELIVERED,EAST
O00814,C0344,2025-05-06 23:14:38,SHIPPED,NORTH
O00815,C0262,2026-05-02 05:50:34,DELIVERED,WEST
O00816,C0792,07-12-2025 12:20:19,DELIVERED,CENTRAL
O00817,C0789,2024-11-29 09:40:41,DELIVERED,SOUTH
O00818,C0321,2026-04-19 08:14:16,PLACED,NORTH
O00819,C0070,2024-09-18 06:58:36,DELIVERED,CENTRAL
O00820,C0107,2026-06-14 13:19:47,DELIVERED,SOUTH
O00821,C0743,2025-09-22 01:02:21,SHIPPED,NORTH
O00822,C0025,2025-06-18 09:54:35,PLACED,CENTRAL
O00823,C0673,2025-11-17 04:57:10,RETURNED,NORTH
O00824,C0726,2025-06-28 04:32:07,PLACED,CENTRAL
O00825,C0134,2026-04-30 00:11:11,DELIVERED,CENTRAL
O00826,C0190,2026-01-26 01:09:03,DELIVERED,EAST
O00827,C0302,2025-11-28 16:40:58,DELIVERED,NORTH
O00828,C0655,2025-06-18 04:48:15,CANCELLED,EAST
O00829,C0788,2025-07-12 15:32:50,DELIVERED,EAST
O00830,C0264,2024-12-20 19:15:56,DELIVERED,EAST
O00831,C0796,2024-12-14 10:59:06,DELIVERED,EAST
O00832,C0062,2025-09-02 13:54:59,RETURNED,EAST
O00833,,2026-06-01 18:36:49,PLACED,SOUTH
O00834,C0625,2025-05-01 23:14:11,SHIPPED,WEST
O00835,C0112,2025-04-04 17:58:46,DELIVERED,WEST
O00836,C0224,2026-06-10 10:34:50,DELIVERED,WEST
O00837,C0733,2025-01-18 04:02:24,PLACED,NORTH
O00838,C0073,2026-04-21 22:39:31,DELIVERED,WEST
O00839,C0020,2025-09-15 13:49:34,PLACED,NORTH
O00840,C0039,2026-03-31 15:34:22,SHIPPED,EAST
O00841,C0401,2026-06-13 14:01:03,PLACED,WEST
O00842,C0490,2025-10-03 16:42:14,DELIVERED,NORTH
O00843,C0554,2024-12-23 10:05:25,PLACED,WEST
O00844,C0125,2026-06-15 07:05:46,DELIVERED,EAST
O00845,C0342,2025-12-24 14:20:21,SHIPPED,NORTH
O00846,C0648,2025-12-16 05:04:38,DELIVERED,EAST
O00847,C0083,2026-04-17 00:17:54,DELIVERED,EAST
O00848,C0664,2024-12-05 18:26:24,SHIPPED,NORTH
O00849,C0394,2026-05-16 07:14:38,SHIPPED,WEST
O00850,C0110,2025-12-12 01:06:45,DELIVERED,WEST
O00851,C0753,2025-07-07 03:52:27,PLACED,SOUTH
O00852,C0026,2026-03-20 00:54:28,RETURNED,SOUTH
O00853,C0501,2026-02-11 23:34:33,PLACED,CENTRAL
O00854,C0659,2026-03-16 18:07:47,DELIVERED,WEST
O00855,C0017,2025-12-27 09:15:46,SHIPPED,EAST
O00856,C0739,2025-05-06 06:07:14,DELIVERED,SOUTH
O00857,C0670,2026-04-27 07:40:46,DELIVERED,CENTRAL
O00858,C0153,2026-03-06 14:12:04,DELIVERED,NORTH
O00859,NULL,2025-05-01 23:26:15,DELIVERED,NORTH
O00860,,2026-02-10 07:17:28,PLACED,SOUTH
O00861,NULL,2024-11-11 18:57:15,DELIVERED,EAST
O00862,C0100,2025-12-14 07:53:49,DELIVERED,CENTRAL
O00863,C0066,2026-05-16 04:54:00,DELIVERED,NORTH
O00864,C0510,2026-05-15 12:47:44,DELIVERED,SOUTH
O00865,C0065,2026-01-12 16:45:08,DELIVERED,WEST
O00866,C0333,2025-03-02 19:55:14,RETURNED,CENTRAL
O00867,C0559,2024-11-07 16:00:20,SHIPPED,SOUTH
O00868,C0783,2026-03-01 20:26:55,DELIVERED,EAST
O00869,C0065,2025-12-11 21:25:46,SHIPPED,WEST
O00870,C0173,2026-01-20 07:56:43,DELIVERED,WEST
O00871,C0250,2026-05-26 01:00:06,PLACED,NORTH
O00872,C0648,2026-07-06 20:22:06,DELIVERED,SOUTH
O00873,C0017,2026-06-20 02:51:57,PLACED,NORTH
O00874,C0184,2025-02-26 05:42:47,DELIVERED,CENTRAL
O00875,C0291,2026-01-02 15:28:20,DELIVERED,WEST
O00876,C0709,2026-05-29 07:40:50,SHIPPED,EAST
O00877,C0536,2025-11-06 20:25:16,DELIVERED,SOUTH
O00878,,2025-12-20 05:43:47,PLACED,SOUTH
O00879,C0735,2025-07-24 06:34:51,DELIVERED,NORTH
O00880,C0643,03-04-2026 22:46:15,DELIVERED,EAST
O00881,C0429,2024-07-04 13:11:30,DELIVERED,SOUTH
O00882,C0121,2026-05-20 21:48:46,RETURNED,CENTRAL
O00883,C0371,2026-06-22 05:14:43,SHIPPED,SOUTH
O00884,C0284,2024-12-05 05:16:41,SHIPPED,SOUTH
O00885,C0702,2026-06-30 20:18:27,RETURNED,WEST
O00886,C0510,2026-02-23 05:43:42,SHIPPED,NORTH
O00887,C0056,13-11-2025 21:04:38,DELIVERED,SOUTH
O00888,C0446,2026-03-02 19:31:26,SHIPPED,WEST
O00889,C0045,2024-09-20 02:33:01,DELIVERED,CENTRAL
O00890,C0181,2025-10-09 18:11:01,DELIVERED,WEST
O00891,C0528,2026-02-24 12:54:09,PLACED,SOUTH
O00892,C0739,2026-03-14 12:03:44,DELIVERED,EAST
O00893,C0430,2025-06-11 08:59:40,DELIVERED,EAST
O00894,C0236,2026-05-30 12:34:33,PLACED,SOUTH
O00895,,2025-12-26 02:06:11,DELIVERED,SOUTH
O00896,C0385,2025-05-07 09:27:07,PLACED,CENTRAL
O00897,C0497,2024-11-17 04:57:32,CANCELLED,SOUTH
O00898,C0222,2026-01-14 08:39:53,DELIVERED,WEST
O00899,C0383,2025-05-30 22:45:58,DELIVERED,SOUTH
O00900,C0648,2026-03-30 06:18:09,RETURNED,SOUTH
O00901,C0344,2025-01-15 19:23:57,PLACED,CENTRAL
O00902,C0062,2025-09-19 22:50:26,PLACED,WEST
O00903,C0470,2026-03-30 05:03:51,SHIPPED,EAST
O00904,C0226,2026-05-20 11:51:39,SHIPPED,SOUTH
O00905,C0654,2026-06-26 11:51:17,CANCELLED,CENTRAL
O00906,C0567,2025-10-08 09:57:40,PLACED,CENTRAL
O00907,C0501,2025-12-07 01:23:28,DELIVERED,WEST
O00908,C0286,2025-06-18 06:22:17,DELIVERED,SOUTH
O00909,C0254,2026-02-02 05:14:19,DELIVERED,SOUTH
O00910,C0606,2024-11-22 16:59:47,CANCELLED,NORTH
O00911,C0428,2026-07-06 15:58:38,PLACED,WEST
O00912,C0752,2026-03-09 23:51:41,DELIVERED,WEST
O00913,C0544,03-05-2025 06:39:37,DELIVERED,NORTH
O00914,C0464,2026-03-10 16:46:56,SHIPPED,CENTRAL
O00915,C0772,2025-10-09 19:47:26,DELIVERED,WEST
O00916,C0224,2025-12-05 12:57:55,DELIVERED,SOUTH
O00917,C0664,2024-09-09 11:19:14,PLACED,EAST
O00918,C0166,08-05-2026 08:49:34,CANCELLED,CENTRAL
O00919,C0025,2026-03-27 06:50:49,DELIVERED,SOUTH
O00920,C0721,2026-04-04 10:13:57,SHIPPED,EAST
O00921,NULL,2025-06-26 15:06:02,DELIVERED,NORTH
O00922,C0643,2024-08-24 21:55:02,DELIVERED,EAST
O00923,NULL,2024-07-26 09:50:11,SHIPPED,EAST
O00924,C0715,2026-04-09 20:55:31,DELIVERED,SOUTH
O00925,C0702,2026-02-02 17:17:47,DELIVERED,EAST
O00926,C0754,2026-05-29 15:51:36,DELIVERED,EAST
O00927,C0053,2025-07-31 04:33:58,DELIVERED,WEST
O00928,C0634,2025-01-05 17:57:10,DELIVERED,SOUTH
O00929,C0664,2025-09-08 00:36:32,DELIVERED,CENTRAL
O00930,C0727,2026-03-18 20:29:33,SHIPPED,EAST
O00931,C0245,2025-08-24 03:30:13,PLACED,WEST
O00932,C0756,2026-04-16 14:12:32,CANCELLED,SOUTH
O00933,C0772,2025-12-31 13:13:38,SHIPPED,EAST
O00934,C0516,2026-04-11 05:59:06,SHIPPED,NORTH
O00935,C0382,10-03-2026 03:29:23,DELIVERED,CENTRAL
O00936,C0540,2026-04-06 08:06:57,PLACED,CENTRAL
O00937,C0695,2026-04-22 22:34:22,CANCELLED,WEST
O00938,C0636,12-04-2025 22:44:09,DELIVERED,NORTH
O00939,C0193,2025-10-26 15:23:32,PLACED,WEST
O00940,NULL,2025-07-30 23:39:23,RETURNED,NORTH
O00941,C0112,2025-04-20 23:27:53,SHIPPED,SOUTH
O00942,C0509,2024-12-02 21:29:14,CANCELLED,CENTRAL
O00943,C0643,2024-07-18 14:58:38,SHIPPED,CENTRAL
O00944,C0136,2025-10-27 02:13:40,SHIPPED,WEST
O00945,C0756,2026-06-05 17:47:20,PLACED,SOUTH
O00946,C0065,2025-11-03 13:23:46,CANCELLED,SOUTH
O00947,C0533,2026-06-29 14:11:40,SHIPPED,CENTRAL
O00948,C0352,2025-11-22 08:15:42,DELIVERED,EAST
O00949,C0498,2026-02-24 20:58:51,DELIVERED,CENTRAL
O00950,C0562,2026-05-05 22:05:22,DELIVERED,CENTRAL
O00951,C0136,2026-06-29 02:31:05,SHIPPED,EAST
O00952,C0233,2026-04-10 01:28:22,DELIVERED,EAST
O00953,C0789,2026-04-18 17:31:04,PLACED,EAST
O00954,C0292,2026-02-09 01:32:35,RETURNED,CENTRAL
O00955,C0165,2026-06-12 21:30:47,SHIPPED,SOUTH
O00956,C0726,2025-07-24 05:09:50,SHIPPED,NORTH
O00957,C0043,2025-03-03 22:20:00,DELIVERED,WEST
O00958,C0267,2026-06-12 22:41:57,SHIPPED,CENTRAL
O00959,C0725,2026-02-26 17:39:46,DELIVERED,EAST
O00960,C0152,2025-08-19 15:38:17,DELIVERED,SOUTH
O00961,C0547,2026-04-09 02:44:26,PLACED,NORTH
O00962,C0415,2026-06-24 04:22:57,DELIVERED,SOUTH
O00963,C0470,2026-07-07 03:54:50,SHIPPED,NORTH
O00964,C0757,2025-08-29 04:53:29,RETURNED,EAST
O00965,C0663,2025-09-30 13:34:45,DELIVERED,EAST
O00966,C0773,2026-01-26 02:55:02,DELIVERED,WEST
O00967,C0347,2025-04-21 05:42:53,DELIVERED,NORTH
O00968,C0143,2025-12-09 14:59:29,DELIVERED,EAST
O00969,C0026,2025-07-15 22:55:27,DELIVERED,SOUTH
O00970,C0457,2025-04-04 14:17:55,PLACED,NORTH
O00971,C0623,2025-11-11 02:56:03,SHIPPED,CENTRAL
O00972,C0228,2026-02-08 22:28:08,SHIPPED,NORTH
O00973,C0552,2026-05-07 23:58:12,DELIVERED,NORTH
O00974,NULL,2026-06-19 07:04:25,SHIPPED,EAST
O00975,C0618,2026-06-25 23:44:02,DELIVERED,NORTH
O00976,C0683,2025-05-03 10:44:13,DELIVERED,WEST
O00977,C0379,2025-09-07 21:39:39,DELIVERED,EAST
O00978,C0354,20-02-2026 10:51:58,SHIPPED,WEST
O00979,C0575,2025-10-20 00:28:42,SHIPPED,WEST
O00980,C0760,2026-01-19 09:45:49,DELIVERED,EAST
O00981,C0168,2026-03-18 18:49:45,DELIVERED,WEST
O00982,C0747,2026-05-28 06:38:40,DELIVERED,CENTRAL
O00983,C0613,2026-01-20 10:18:17,PLACED,EAST
O00984,C0487,06-03-2026 00:09:38,RETURNED,NORTH
O00985,C0605,2026-03-08 20:54:19,PLACED,WEST
O00986,C0655,2026-06-11 05:50:49,SHIPPED,SOUTH
O00987,,2026-06-28 17:38:06,DELIVERED,SOUTH
O00988,C0205,2024-11-22 11:24:39,DELIVERED,EAST
O00989,C0568,2026-04-20 01:10:43,PLACED,EAST
O00990,C0600,2025-02-22 01:22:28,DELIVERED,WEST
O00991,C0230,2026-05-03 14:32:30,DELIVERED,SOUTH
O00992,C0269,2025-10-21 03:33:47,RETURNED,WEST
O00993,C0128,2026-04-16 19:57:25,DELIVERED,EAST
O00994,C0428,2025-08-29 15:52:15,DELIVERED,SOUTH
O00995,C0030,2024-10-18 16:55:55,DELIVERED,WEST
O00996,C0069,2026-05-13 14:04:18,DELIVERED,CENTRAL
O00997,C0493,2025-10-12 07:04:28,DELIVERED,EAST
O00998,C0644,2026-05-25 18:20:31,DELIVERED,NORTH
O00999,C0383,2026-03-19 02:10:28,DELIVERED,NORTH
O01000,C0266,2026-03-09 14:55:23,DELIVERED,SOUTH
O01001,C0328,2025-06-24 02:28:56,CANCELLED,SOUTH
O01002,C0366,2025-10-25 10:08:55,PLACED,EAST
O01003,C0430,2026-05-17 04:30:22,CANCELLED,EAST
O01004,C0050,2025-02-11 03:18:40,SHIPPED,NORTH
O01005,C0527,2025-11-02 06:29:06,DELIVERED,SOUTH
O01006,C0784,2026-05-27 14:06:38,DELIVERED,SOUTH
O01007,C0557,2025-03-08 13:49:39,CANCELLED,EAST
O01008,C0278,2025-11-03 13:54:45,PLACED,CENTRAL
O01009,C0361,2026-03-23 21:46:19,PLACED,CENTRAL
O01010,C0289,2026-01-01 17:29:18,DELIVERED,WEST
O01011,C0349,2024-12-31 15:05:00,PLACED,SOUTH
O01012,C0516,2026-01-22 20:55:37,DELIVERED,CENTRAL
O01013,C0629,2026-05-20 20:01:48,DELIVERED,CENTRAL
O01014,C0545,2026-05-10 01:29:15,DELIVERED,NORTH
O01015,C0428,2025-12-16 20:05:25,CANCELLED,NORTH
O01016,C0135,2025-05-18 11:58:31,DELIVERED,EAST
O01017,C0708,2026-03-20 09:41:31,PLACED,WEST
O01018,C0612,2026-04-11 03:50:31,DELIVERED,EAST
O01019,C0177,2025-12-31 15:43:34,PLACED,NORTH
O01020,C0228,2025-12-12 23:42:21,CANCELLED,SOUTH
O01021,C0705,2025-12-15 23:49:36,SHIPPED,SOUTH
O01022,C0134,2026-01-04 12:39:04,DELIVERED,NORTH
O01023,,2025-11-15 07:17:18,DELIVERED,WEST
O01024,C0044,2025-06-03 12:14:52,PLACED,CENTRAL
O01025,C0608,2025-12-26 00:23:31,DELIVERED,EAST
O01026,C0045,2024-08-21 10:56:25,SHIPPED,NORTH
O01027,C0773,2026-01-06 11:28:43,DELIVERED,CENTRAL
O01028,C0211,2026-02-20 16:21:46,SHIPPED,EAST
O01029,C0030,2024-09-26 12:14:56,PLACED,EAST
O01030,C0594,2026-02-17 04:08:35,DELIVERED,CENTRAL
O01031,C0800,2026-01-17 21:13:57,DELIVERED,CENTRAL
O01032,C0584,2024-08-23 01:53:41,PLACED,CENTRAL
O01033,C0782,2025-06-25 10:20:35,DELIVERED,SOUTH
O01034,C0289,2025-07-29 10:05:21,CANCELLED,CENTRAL
O01035,C0005,2025-11-25 07:49:03,CANCELLED,CENTRAL
O01036,C0725,2026-05-23 04:20:04,DELIVERED,CENTRAL
O01037,C0190,2026-06-02 17:58:57,DELIVERED,NORTH
O01038,C0186,2026-02-17 14:22:04,RETURNED,WEST
O01039,C0220,2026-01-30 10:20:00,SHIPPED,NORTH
O01040,C0780,2025-12-09 02:36:32,PLACED,NORTH
O01041,C0533,2026-05-11 04:41:55,DELIVERED,EAST
O01042,C0722,2026-05-06 23:43:14,DELIVERED,NORTH
O01043,C0085,2025-06-08 20:30:52,DELIVERED,WEST
O01044,C0291,2026-01-18 11:02:35,DELIVERED,EAST
O01045,C0704,2026-06-04 07:03:26,DELIVERED,CENTRAL
O01046,C0418,2025-02-11 16:58:39,RETURNED,WEST
O01047,C0194,2025-05-27 01:36:31,CANCELLED,WEST
O01048,C0696,2025-04-12 09:36:14,SHIPPED,WEST
O01049,C0689,2025-04-13 16:32:45,DELIVERED,CENTRAL
O01050,C0675,2026-04-07 12:09:22,PLACED,WEST
O01051,C0411,2026-05-29 20:25:51,DELIVERED,NORTH
O01052,C0760,2025-10-15 12:36:51,PLACED,SOUTH
O01053,C0347,2025-06-28 13:10:55,DELIVERED,WEST
O01054,C0126,2024-12-28 21:00:16,DELIVERED,WEST
O01055,C0286,2026-01-05 00:34:53,DELIVERED,WEST
O01056,C0365,2025-07-05 14:02:41,DELIVERED,WEST
O01057,C0497,2025-11-07 05:27:27,SHIPPED,WEST
O01058,C0111,2026-01-23 17:26:49,SHIPPED,WEST
O01059,C0237,2026-06-04 01:39:36,PLACED,NORTH
O01060,C0070,2025-09-30 21:54:27,DELIVERED,SOUTH
O01061,C0392,2025-10-13 14:15:40,DELIVERED,SOUTH
O01062,C0311,2026-05-07 02:18:02,DELIVERED,NORTH
O01063,C0677,2026-06-23 23:22:39,DELIVERED,WEST
O01064,C0478,2026-03-12 05:04:12,SHIPPED,WEST
O01065,C0503,2025-07-28 02:03:22,SHIPPED,EAST
O01066,C0554,2025-08-29 13:44:09,PLACED,NORTH
O01067,,2025-04-14 12:49:14,DELIVERED,EAST
O01068,C0386,2026-02-06 17:50:40,DELIVERED,NORTH
O01069,C0182,2026-06-01 01:07:37,DELIVERED,EAST
O01070,C0724,23-04-2025 11:52:13,DELIVERED,SOUTH
O01071,C0320,2026-04-08 04:59:09,DELIVERED,NORTH
O01072,C0583,2025-12-22 07:22:12,DELIVERED,CENTRAL
O01073,C0702,2026-05-02 17:45:02,DELIVERED,WEST
O01074,C0576,2026-04-25 14:15:56,SHIPPED,NORTH
O01075,NULL,2026-04-14 03:29:27,DELIVERED,WEST
O01076,C0632,2026-06-25 20:09:55,DELIVERED,EAST
O01077,C0329,17-08-2024 17:01:33,PLACED,NORTH
O01078,C0132,2025-10-23 14:22:45,SHIPPED,CENTRAL
O01079,C0028,2026-05-06 13:41:47,SHIPPED,NORTH
O01080,C0439,2026-01-05 01:55:56,RETURNED,WEST
O01081,C0360,2026-02-23 23:04:21,DELIVERED,SOUTH
O01082,C0241,2025-11-16 09:08:22,SHIPPED,NORTH
O01083,C0705,2025-10-14 10:30:23,CANCELLED,NORTH
O01084,C0346,2025-04-26 20:54:52,PLACED,EAST
O01085,C0039,2026-04-27 23:59:12,DELIVERED,WEST
O01086,C0582,2026-06-30 22:57:16,CANCELLED,EAST
O01087,C0021,2026-05-17 06:48:11,DELIVERED,NORTH
O01088,C0325,2026-04-01 16:46:10,DELIVERED,EAST
O01089,C0587,2024-09-14 21:44:18,DELIVERED,NORTH
O01090,C0708,2026-05-20 02:14:48,SHIPPED,WEST
O01091,C0515,2026-03-13 20:44:12,SHIPPED,EAST
O01092,C0373,2026-06-14 03:57:59,SHIPPED,NORTH
O01093,C0549,2025-10-29 06:44:32,SHIPPED,NORTH
O01094,C0305,2026-06-06 08:48:00,DELIVERED,SOUTH
O01095,C0640,2026-06-28 01:31:38,RETURNED,CENTRAL
O01096,C0098,2026-05-24 09:46:44,SHIPPED,CENTRAL
O01097,,2025-07-05 03:38:40,DELIVERED,EAST
O01098,C0079,2025-11-19 01:31:35,DELIVERED,CENTRAL
O01099,C0308,2025-06-02 06:02:10,DELIVERED,EAST
O01100,C0205,2025-05-18 19:22:38,DELIVERED,CENTRAL
O01101,C0528,2026-05-01 00:11:54,DELIVERED,CENTRAL
O01102,C0185,2026-05-16 05:06:08,PLACED,CENTRAL
O01103,C0192,2026-07-01 01:08:18,DELIVERED,WEST
O01104,C0275,2026-06-07 21:18:14,DELIVERED,WEST
O01105,C0580,2026-01-16 09:05:11,DELIVERED,CENTRAL
O01106,C0206,2025-11-20 22:34:19,DELIVERED,SOUTH
O01107,C0155,2025-10-17 05:32:39,DELIVERED,WEST
O01108,C0327,2026-06-08 03:01:41,DELIVERED,NORTH
O01109,C0650,2025-05-23 02:35:48,DELIVERED,EAST
O01110,C0294,2026-05-26 14:11:18,SHIPPED,CENTRAL
O01111,C0242,2026-06-22 09:44:10,SHIPPED,SOUTH
O01112,C0197,2025-07-11 18:13:17,SHIPPED,EAST
O01113,C0476,2025-12-26 12:05:29,DELIVERED,WEST
O01114,C0433,2026-05-15 11:30:03,CANCELLED,SOUTH
O01115,C0164,2026-01-16 21:51:35,PLACED,EAST
O01116,C0285,2026-07-04 21:37:40,DELIVERED,NORTH
O01117,C0740,2026-04-20 08:11:15,DELIVERED,NORTH
O01118,C0086,2025-12-16 19:36:32,DELIVERED,NORTH
O01119,,2025-08-24 06:54:19,DELIVERED,NORTH
O01120,C0407,2025-08-01 04:13:52,SHIPPED,CENTRAL
O01121,C0753,2026-03-05 13:18:30,RETURNED,CENTRAL
O01122,C0681,18-06-2026 22:40:06,DELIVERED,CENTRAL
O01123,C0258,2026-03-31 19:15:34,CANCELLED,SOUTH
O01124,C0615,2024-10-03 23:24:19,DELIVERED,EAST
O01125,C0338,2026-06-22 11:09:27,DELIVERED,SOUTH
O01126,C0434,2025-10-29 07:58:15,PLACED,SOUTH
O01127,C0220,2025-07-28 05:55:59,DELIVERED,EAST
O01128,C0604,2025-02-14 10:31:30,DELIVERED,EAST
O01129,C0717,2024-11-05 17:45:07,SHIPPED,WEST
O01130,C0487,2026-05-06 03:35:00,SHIPPED,EAST
O01131,C0149,2026-02-13 23:23:12,DELIVERED,EAST
O01132,C0316,2025-05-21 08:51:06,DELIVERED,CENTRAL
O01133,C0036,2025-07-09 11:09:58,DELIVERED,SOUTH
O01134,C0260,2026-02-15 15:47:50,DELIVERED,EAST
O01135,C0702,2026-02-10 16:48:42,DELIVERED,SOUTH
O01136,C0454,2026-04-17 10:24:22,PLACED,WEST
O01137,C0262,2025-07-31 16:57:42,PLACED,SOUTH
O01138,C0305,2026-03-27 20:28:19,CANCELLED,SOUTH
O01139,C0450,2026-03-16 09:16:02,SHIPPED,WEST
O01140,C0035,2025-01-29 20:24:39,CANCELLED,WEST
O01141,C0483,2026-05-13 09:35:38,DELIVERED,EAST
O01142,C0735,2025-05-25 01:28:22,CANCELLED,NORTH
O01143,C0165,2026-02-26 08:25:02,DELIVERED,EAST
O01144,C0431,2025-10-11 16:15:16,DELIVERED,CENTRAL
O01145,C0756,2025-10-01 19:24:12,DELIVERED,NORTH
O01146,C0781,2026-05-14 01:23:56,DELIVERED,SOUTH
O01147,C0646,2026-05-15 09:40:03,DELIVERED,SOUTH
O01148,C0004,2025-10-15 04:52:41,SHIPPED,EAST
O01149,,2025-12-28 05:51:51,PLACED,SOUTH
O01150,C0256,2026-01-20 12:52:44,DELIVERED,SOUTH
O01151,C0609,2026-03-01 16:50:54,DELIVERED,EAST
O01152,C0463,2026-06-25 21:20:40,CANCELLED,SOUTH
O01153,C0267,2026-06-03 10:07:03,DELIVERED,EAST
O01154,C0289,2025-08-19 07:21:36,PLACED,EAST
O01155,C0187,2025-11-15 15:15:47,CANCELLED,CENTRAL
O01156,C0230,2026-05-03 00:18:54,RETURNED,CENTRAL
O01157,C0663,2026-06-03 08:33:56,DELIVERED,NORTH
O01158,C0474,2025-11-11 23:58:29,SHIPPED,SOUTH
O01159,C0051,2026-02-21 17:54:58,DELIVERED,CENTRAL
O01160,C0267,2026-06-02 05:53:24,PLACED,EAST
O01161,C0175,2026-03-16 07:05:13,PLACED,CENTRAL
O01162,C0446,12-06-2026 04:06:56,CANCELLED,WEST
O01163,C0690,19-03-2026 19:36:20,PLACED,SOUTH
O01164,C0196,2026-04-02 16:35:42,SHIPPED,WEST
O01165,C0392,2024-10-10 03:05:29,DELIVERED,SOUTH
O01166,C0615,2024-12-15 10:27:09,RETURNED,EAST
O01167,C0745,2025-12-08 23:42:41,SHIPPED,SOUTH
O01168,C0419,2026-06-01 04:04:17,PLACED,EAST
O01169,,2026-06-26 18:51:06,CANCELLED,EAST
O01170,C0597,2025-12-14 11:39:46,DELIVERED,NORTH
O01171,C0011,2026-01-18 02:17:36,PLACED,EAST
O01172,C0710,2026-06-25 14:22:10,DELIVERED,WEST
O01173,C0726,2026-02-18 18:42:54,DELIVERED,EAST
O01174,C0075,2024-09-13 00:08:13,DELIVERED,NORTH
O01175,C0341,2026-02-27 14:26:25,DELIVERED,EAST
O01176,C0621,2025-05-08 08:24:10,PLACED,CENTRAL
O01177,C0635,2025-08-30 21:11:34,SHIPPED,WEST
O01178,C0688,2025-04-15 02:05:59,PLACED,CENTRAL
O01179,C0043,2025-09-24 21:03:37,SHIPPED,SOUTH
O01180,C0516,2026-05-08 09:36:00,RETURNED,WEST
O01181,C0136,2025-01-01 15:09:34,SHIPPED,CENTRAL
O01182,C0444,2026-05-31 18:24:28,SHIPPED,EAST
O01183,C0046,2025-06-26 07:41:50,DELIVERED,EAST
O01184,C0766,2026-03-15 00:28:53,CANCELLED,EAST
O01185,NULL,2026-03-15 10:24:07,DELIVERED,WEST
O01186,C0169,29-04-2025 02:08:46,DELIVERED,WEST
O01187,C0783,2026-03-22 08:56:41,DELIVERED,WEST
O01188,C0055,2024-11-24 17:43:23,PLACED,SOUTH
O01189,C0188,2024-10-25 20:31:14,DELIVERED,SOUTH
O01190,C0723,2026-05-19 08:29:54,DELIVERED,WEST
O01191,C0042,2026-02-13 22:31:24,DELIVERED,CENTRAL
O01192,C0497,2025-09-26 13:15:33,DELIVERED,SOUTH
O01193,C0127,2025-12-24 18:32:53,PLACED,EAST
O01194,C0185,2026-04-10 12:39:51,SHIPPED,CENTRAL
O01195,C0280,2026-04-06 17:50:46,CANCELLED,CENTRAL
O01196,C0218,2025-09-27 06:06:42,RETURNED,NORTH
O01197,C0539,2025-10-04 06:02:50,DELIVERED,NORTH
O01198,C0253,2026-05-04 21:27:28,DELIVERED,EAST
O01199,C0027,2025-12-24 19:23:11,DELIVERED,NORTH
O01200,C0404,2026-02-13 01:48:56,DELIVERED,NORTH
O01201,C0332,2025-02-12 10:34:57,PLACED,WEST
O01202,C0725,2026-06-28 01:40:33,DELIVERED,EAST
O01203,C0609,2025-04-21 12:13:11,SHIPPED,NORTH
O01204,C0672,2026-06-02 09:43:18,RETURNED,EAST
O01205,C0750,2026-01-22 08:42:31,CANCELLED,CENTRAL
O01206,C0133,2025-09-08 02:04:54,CANCELLED,EAST
O01207,C0331,2025-06-15 03:14:52,DELIVERED,CENTRAL
O01208,C0617,2026-03-22 05:38:32,PLACED,EAST
O01209,C0183,2026-05-13 07:25:38,RETURNED,WEST
O01210,C0092,2025-08-26 23:11:09,CANCELLED,SOUTH
O01211,C0398,2026-07-09 08:41:54,DELIVERED,SOUTH
O01212,C0124,2025-10-12 21:18:47,DELIVERED,WEST
O01213,C0754,2026-07-05 03:28:10,CANCELLED,CENTRAL
O01214,C0135,2026-02-07 21:04:12,DELIVERED,EAST
O01215,C0525,2026-05-31 09:44:01,DELIVERED,WEST
O01216,C0488,2025-01-25 12:49:07,DELIVERED,WEST
O01217,C0093,2026-04-04 02:19:27,DELIVERED,CENTRAL
O01218,C0191,2026-06-10 03:32:24,DELIVERED,NORTH
O01219,C0042,2026-04-10 17:22:42,SHIPPED,WEST
O01220,C0693,2024-12-22 03:57:14,DELIVERED,SOUTH
O01221,C0508,2026-01-09 18:35:37,DELIVERED,CENTRAL
O01222,C0086,2025-11-28 19:05:49,DELIVERED,NORTH
O01223,NULL,2025-06-20 07:44:10,PLACED,SOUTH
O01224,C0701,2026-06-20 04:00:10,DELIVERED,CENTRAL
O01225,C0438,2025-11-25 12:10:36,DELIVERED,CENTRAL
O01226,C0079,2026-06-13 11:44:56,PLACED,NORTH
O01227,C0523,2026-05-25 12:14:25,DELIVERED,WEST
O01228,C0677,2026-06-20 22:26:38,DELIVERED,EAST
O01229,C0364,2025-08-30 22:56:18,DELIVERED,CENTRAL
O01230,C0017,2026-01-26 05:57:20,DELIVERED,WEST
O01231,NULL,2025-05-09 12:36:20,DELIVERED,NORTH
O01232,C0086,2026-03-06 07:29:29,CANCELLED,EAST
O01233,C0322,2026-01-06 02:21:27,DELIVERED,WEST
O01234,C0639,2026-02-19 22:40:20,SHIPPED,SOUTH
O01235,C0217,2024-11-21 18:16:44,PLACED,CENTRAL
O01236,C0266,2026-06-16 18:18:44,PLACED,CENTRAL
O01237,C0019,10-12-2024 12:59:50,DELIVERED,NORTH
O01238,C0176,2026-05-29 09:00:58,DELIVERED,WEST
O01239,C0674,2026-06-19 00:34:56,SHIPPED,CENTRAL
O01240,C0370,2026-05-19 02:43:10,DELIVERED,WEST
O01241,C0310,2025-09-05 00:49:07,PLACED,NORTH
O01242,C0196,2026-03-03 17:33:00,DELIVERED,SOUTH
O01243,C0028,2025-06-17 12:19:12,DELIVERED,SOUTH
O01244,C0666,2026-06-01 11:23:19,DELIVERED,CENTRAL
O01245,C0196,2026-02-26 17:13:30,SHIPPED,WEST
O01246,C0152,2025-11-06 03:47:49,DELIVERED,NORTH
O01247,C0171,2026-03-29 14:20:20,DELIVERED,WEST
O01248,C0497,2025-10-07 05:11:44,PLACED,WEST
O01249,C0600,2025-01-05 10:56:40,SHIPPED,CENTRAL
O01250,C0402,2026-01-01 18:37:44,SHIPPED,NORTH
O01251,C0646,2026-05-06 09:06:38,RETURNED,WEST
O01252,C0755,2026-07-08 15:14:46,RETURNED,NORTH
O01253,C0500,2026-03-23 05:17:27,DELIVERED,CENTRAL
O01254,C0743,2026-06-03 23:05:54,RETURNED,WEST
O01255,C0238,2025-11-11 13:48:31,DELIVERED,WEST
O01256,C0591,2025-03-03 07:52:24,DELIVERED,EAST
O01257,C0664,2025-05-21 00:00:20,CANCELLED,NORTH
O01258,C0507,2026-04-28 19:57:13,RETURNED,EAST
O01259,C0460,2026-06-11 10:39:10,DELIVERED,SOUTH
O01260,C0295,2025-08-14 06:53:30,DELIVERED,WEST
O01261,C0238,2026-05-04 03:30:35,SHIPPED,EAST
O01262,C0617,2026-05-28 20:51:47,PLACED,EAST
O01263,,2026-06-24 03:17:42,DELIVERED,WEST
O01264,C0690,2025-12-05 19:39:01,DELIVERED,SOUTH
O01265,C0637,2026-05-07 05:39:43,SHIPPED,NORTH
O01266,C0684,2026-03-04 01:43:03,PLACED,SOUTH
O01267,C0161,2026-05-24 05:59:23,DELIVERED,WEST
O01268,C0506,2026-05-13 23:07:13,SHIPPED,CENTRAL
O01269,C0049,2026-02-23 12:29:40,DELIVERED,EAST
O01270,C0366,2026-05-12 21:25:29,SHIPPED,CENTRAL
O01271,C0033,2025-12-05 17:24:22,SHIPPED,NORTH
O01272,C0633,2026-05-14 00:13:35,PLACED,SOUTH
O01273,C0499,2026-04-05 01:32:17,RETURNED,EAST
O01274,C0788,2024-09-20 06:06:37,DELIVERED,CENTRAL
O01275,C0274,28-05-2026 04:34:22,SHIPPED,CENTRAL
O01276,C0619,2025-12-03 10:40:26,DELIVERED,WEST
O01277,C0469,2026-04-15 16:30:16,DELIVERED,NORTH
O01278,C0626,2025-10-17 12:48:31,DELIVERED,NORTH
O01279,C0576,2024-08-02 14:22:01,DELIVERED,SOUTH
O01280,C0646,2025-09-04 16:47:08,CANCELLED,EAST
O01281,C0161,2026-01-22 10:47:00,DELIVERED,CENTRAL
O01282,C0511,2025-07-26 02:58:43,SHIPPED,EAST
O01283,C0343,2026-04-09 18:03:58,PLACED,SOUTH
O01284,C0450,2025-09-29 22:08:19,DELIVERED,NORTH
O01285,C0252,2026-04-10 10:02:56,DELIVERED,EAST
O01286,C0294,2026-06-29 00:47:17,SHIPPED,EAST
O01287,C0382,2026-05-03 08:19:16,DELIVERED,SOUTH
O01288,C0156,2026-05-26 16:41:54,DELIVERED,SOUTH
O01289,C0142,2026-03-15 18:03:05,DELIVERED,WEST
O01290,C0470,2026-06-22 12:25:39,DELIVERED,EAST
O01291,C0031,2026-04-08 21:07:56,PLACED,NORTH
O01292,C0735,2026-03-19 05:31:51,DELIVERED,NORTH
O01293,C0087,2026-02-01 18:26:12,SHIPPED,SOUTH
O01294,C0445,2024-08-17 17:51:09,DELIVERED,NORTH
O01295,C0677,2026-06-13 06:43:24,SHIPPED,CENTRAL
O01296,C0060,2026-06-19 14:01:05,RETURNED,CENTRAL
O01297,C0303,2026-03-30 20:12:31,DELIVERED,CENTRAL
O01298,C0312,2026-01-29 15:42:10,CANCELLED,NORTH
O01299,C0287,2025-10-23 22:45:03,DELIVERED,SOUTH
O01300,,2026-04-09 17:57:05,DELIVERED,SOUTH
O01301,C0558,2025-10-28 22:54:28,DELIVERED,WEST
O01302,C0715,2025-12-27 01:58:08,CANCELLED,WEST
O01303,C0795,2025-10-09 14:55:46,CANCELLED,NORTH
O01304,C0038,2026-03-05 10:29:11,SHIPPED,SOUTH
O01305,C0533,2026-06-19 12:07:57,SHIPPED,NORTH
O01306,C0524,2025-12-17 14:02:01,SHIPPED,EAST
O01307,C0776,2026-02-01 18:02:12,SHIPPED,NORTH
O01308,C0553,2025-10-26 05:04:03,SHIPPED,EAST
O01309,,2026-02-18 08:33:15,RETURNED,NORTH
O01310,C0750,2024-08-16 13:28:10,DELIVERED,EAST
O01311,C0643,2025-07-30 04:28:26,DELIVERED,NORTH
O01312,C0775,2026-05-26 09:42:17,RETURNED,WEST
O01313,C0306,2025-10-29 14:58:01,DELIVERED,WEST
O01314,C0348,2025-10-15 09:10:23,DELIVERED,CENTRAL
O01315,C0580,2026-01-07 01:59:16,CANCELLED,CENTRAL
O01316,C0610,2025-02-15 15:03:15,DELIVERED,EAST
O01317,C0683,2026-03-28 13:31:55,DELIVERED,CENTRAL
O01318,C0689,2025-05-10 17:15:27,DELIVERED,CENTRAL
O01319,C0756,2025-08-01 08:13:11,PLACED,CENTRAL
O01320,C0597,2024-11-27 13:29:24,DELIVERED,EAST
O01321,C0466,2024-09-15 02:37:32,PLACED,WEST
O01322,C0422,2026-01-18 21:54:05,PLACED,WEST
O01323,C0134,2026-06-07 23:00:01,SHIPPED,NORTH
O01324,C0379,2026-04-21 16:53:05,DELIVERED,CENTRAL
O01325,C0573,2025-08-08 01:50:09,DELIVERED,EAST
O01326,C0599,2026-05-14 10:48:53,DELIVERED,WEST
O01327,C0706,2026-05-17 01:25:36,DELIVERED,WEST
O01328,C0167,2025-04-28 02:48:28,DELIVERED,WEST
O01329,C0729,04-12-2025 12:23:06,PLACED,CENTRAL
O01330,C0542,2024-11-14 16:45:48,DELIVERED,WEST
O01331,C0485,2025-09-02 15:55:22,DELIVERED,CENTRAL
O01332,C0379,2025-02-12 05:57:35,DELIVERED,WEST
O01333,C0113,2025-04-22 21:06:48,DELIVERED,EAST
O01334,C0042,2026-04-18 01:16:44,SHIPPED,EAST
O01335,C0313,2025-07-15 20:26:09,SHIPPED,WEST
O01336,C0029,2026-06-26 15:16:35,PLACED,CENTRAL
O01337,C0432,2025-01-09 18:55:16,RETURNED,EAST
O01338,C0291,2025-10-16 17:21:53,SHIPPED,WEST
O01339,C0003,2024-10-04 00:21:26,DELIVERED,NORTH
O01340,C0046,2026-02-06 08:09:54,DELIVERED,EAST
O01341,C0580,2025-06-17 08:52:13,CANCELLED,WEST
O01342,C0487,2026-07-04 01:43:50,DELIVERED,CENTRAL
O01343,C0136,2026-06-07 19:48:01,PLACED,WEST
O01344,C0780,2026-03-24 11:17:30,DELIVERED,SOUTH
O01345,C0746,2025-05-31 14:28:15,PLACED,CENTRAL
O01346,C0681,2026-03-31 04:16:30,DELIVERED,SOUTH
O01347,C0405,2025-03-21 07:22:42,DELIVERED,WEST
O01348,C0754,2026-06-09 11:09:55,DELIVERED,SOUTH
O01349,C0725,2026-02-24 19:35:43,DELIVERED,EAST
O01350,C0575,2026-05-24 13:19:26,PLACED,CENTRAL
O01351,C0088,2025-02-16 11:05:39,RETURNED,CENTRAL
O01352,C0591,2026-02-09 10:58:13,PLACED,CENTRAL
O01353,C0535,2024-11-25 02:35:41,DELIVERED,CENTRAL
O01354,C0020,2024-11-26 10:14:27,DELIVERED,CENTRAL
O01355,C0185,2024-07-15 17:41:35,SHIPPED,SOUTH
O01356,C0252,2026-04-06 10:33:10,DELIVERED,CENTRAL
O01357,C0455,07-05-2026 05:14:38,DELIVERED,CENTRAL
O01358,C0329,2025-05-09 02:03:18,DELIVERED,WEST
O01359,C0024,2025-11-04 01:14:58,DELIVERED,WEST
O01360,C0025,2026-05-23 00:48:07,SHIPPED,EAST
O01361,NULL,2024-09-28 01:07:50,RETURNED,CENTRAL
O01362,C0173,2025-11-15 15:20:30,PLACED,EAST
O01363,C0787,2025-04-28 14:47:51,SHIPPED,WEST
O01364,C0695,2025-12-02 16:58:29,PLACED,EAST
O01365,C0186,2025-06-08 02:30:27,DELIVERED,EAST
O01366,C0400,2025-06-02 16:43:32,SHIPPED,WEST
O01367,C0332,2025-05-04 08:14:37,DELIVERED,NORTH
O01368,,2025-07-23 07:58:55,SHIPPED,CENTRAL
O01369,C0601,2025-06-26 16:30:50,DELIVERED,CENTRAL
O01370,C0395,2025-06-16 09:16:20,SHIPPED,EAST
O01371,C0476,2026-01-21 19:27:43,DELIVERED,WEST
O01372,NULL,2025-05-30 12:14:05,DELIVERED,NORTH
O01373,C0276,2026-03-27 04:21:20,RETURNED,NORTH
O01374,C0253,2026-06-17 20:29:46,DELIVERED,SOUTH
O01375,C0312,2026-04-11 22:17:36,DELIVERED,CENTRAL
O01376,C0209,2025-08-02 13:54:49,DELIVERED,SOUTH
O01377,C0252,2025-08-22 12:23:25,RETURNED,CENTRAL
O01378,C0463,2026-04-02 02:45:54,PLACED,WEST
O01379,C0636,2025-02-10 16:00:02,DELIVERED,SOUTH
O01380,C0001,2024-09-19 17:44:37,RETURNED,WEST
O01381,NULL,2026-04-20 04:31:52,SHIPPED,WEST
O01382,C0360,2026-06-15 18:17:52,SHIPPED,CENTRAL
O01383,C0289,2025-04-22 07:53:48,SHIPPED,CENTRAL
O01384,C0577,2026-04-19 18:57:39,SHIPPED,WEST
O01385,C0716,2024-11-04 12:27:24,DELIVERED,CENTRAL
O01386,C0287,2025-08-10 12:21:48,SHIPPED,CENTRAL
O01387,C0326,2026-06-14 21:38:31,RETURNED,EAST
O01388,C0771,2026-06-02 17:29:33,DELIVERED,SOUTH
O01389,C0679,2025-04-17 19:46:17,SHIPPED,WEST
O01390,C0614,2025-08-23 02:53:12,PLACED,SOUTH
O01391,C0662,15-10-2024 14:10:06,DELIVERED,NORTH
O01392,C0010,2025-12-05 12:09:22,SHIPPED,CENTRAL
O01393,C0714,2025-12-29 06:27:22,DELIVERED,WEST
O01394,C0552,2025-12-17 12:21:41,DELIVERED,NORTH
O01395,C0552,2025-11-28 00:27:06,CANCELLED,WEST
O01396,C0689,2025-04-27 20:38:00,DELIVERED,WEST
O01397,C0616,2025-04-05 00:57:54,DELIVERED,NORTH
O01398,C0128,2025-11-19 09:12:50,DELIVERED,SOUTH
O01399,C0456,2026-03-25 19:38:10,SHIPPED,NORTH
O01400,C0777,2025-12-18 08:43:35,DELIVERED,EAST
O01401,C0197,2025-08-04 22:32:55,DELIVERED,EAST
O01402,C0736,2026-01-05 21:14:44,SHIPPED,WEST
O01403,C0372,2025-05-07 13:55:40,SHIPPED,CENTRAL
O01404,C0215,2025-07-19 18:30:24,SHIPPED,WEST
O01405,C0114,2026-06-22 22:06:12,SHIPPED,CENTRAL
O01406,C0506,2026-04-18 02:28:51,DELIVERED,CENTRAL
O01407,C0689,2026-07-06 00:33:08,DELIVERED,SOUTH
O01408,C0067,2026-06-14 10:05:28,PLACED,NORTH
O01409,C0131,2026-03-07 19:52:31,RETURNED,SOUTH
O01410,C0536,2026-06-11 03:39:34,DELIVERED,SOUTH
O01411,NULL,2025-10-06 23:28:14,RETURNED,CENTRAL
O01412,C0630,2025-07-17 10:47:25,DELIVERED,WEST
O01413,C0003,2026-06-29 11:32:37,DELIVERED,NORTH
O01414,C0331,03-04-2026 23:16:56,DELIVERED,WEST
O01415,C0281,2025-09-24 06:29:28,DELIVERED,WEST
O01416,C0508,2025-11-06 09:09:42,DELIVERED,NORTH
O01417,C0739,2025-09-24 09:52:55,PLACED,WEST
O01418,C0546,2026-05-06 15:23:05,SHIPPED,WEST
O01419,C0200,2026-02-05 23:22:07,PLACED,CENTRAL
O01420,NULL,2026-04-02 18:57:21,SHIPPED,WEST
O01421,C0077,2025-04-16 04:02:33,SHIPPED,EAST
O01422,C0319,2025-12-03 09:44:58,DELIVERED,NORTH
O01423,C0029,2026-04-27 04:48:20,DELIVERED,NORTH
O01424,C0607,2026-04-07 19:55:31,DELIVERED,SOUTH
O01425,C0111,2026-04-01 23:01:35,SHIPPED,EAST
O01426,C0056,2026-03-31 04:21:50,SHIPPED,SOUTH
O01427,NULL,2026-02-23 13:01:05,DELIVERED,WEST
O01428,C0783,2026-03-11 13:51:28,DELIVERED,CENTRAL
O01429,C0128,2025-01-30 10:28:56,RETURNED,NORTH
O01430,C0387,2025-10-19 15:58:33,CANCELLED,NORTH
O01431,C0131,2025-12-21 01:54:09,CANCELLED,WEST
O01432,C0057,2025-02-20 03:49:41,DELIVERED,WEST
O01433,C0068,2025-08-17 13:06:06,DELIVERED,CENTRAL
O01434,C0054,2025-10-03 01:38:49,DELIVERED,WEST
O01435,C0099,2026-06-20 11:20:34,DELIVERED,SOUTH
O01436,C0614,2026-05-07 10:08:50,DELIVERED,WEST
O01437,C0394,2026-04-08 03:22:16,DELIVERED,CENTRAL
O01438,C0635,2027-05-11 00:00:00,SHIPPED,NORTH
O01439,C0465,2026-06-21 02:35:48,SHIPPED,SOUTH
O01440,C0111,2026-01-19 22:34:06,PLACED,NORTH
O01441,C0608,2026-02-16 04:37:05,CANCELLED,SOUTH
O01442,C0653,2026-07-08 06:32:47,SHIPPED,WEST
O01443,C0493,2026-02-12 19:57:08,DELIVERED,SOUTH
O01444,C0249,2025-06-12 22:24:18,DELIVERED,NORTH
O01445,C0131,2026-03-28 00:56:44,DELIVERED,CENTRAL
O01446,C0668,2026-02-06 22:32:37,DELIVERED,CENTRAL
O01447,C0555,2026-05-09 08:17:13,PLACED,WEST
O01448,C0317,2026-05-02 03:43:09,SHIPPED,EAST
O01449,C0009,2025-12-01 02:15:56,DELIVERED,SOUTH
O01450,C0059,2026-06-03 01:09:09,DELIVERED,CENTRAL
O01451,C0056,2025-05-24 19:47:23,SHIPPED,SOUTH
O01452,C0656,2026-05-29 12:58:21,DELIVERED,EAST
O01453,C0194,2026-04-07 12:09:28,DELIVERED,WEST
O01454,C0615,2025-12-20 19:31:46,SHIPPED,CENTRAL
O01455,C0580,2025-03-18 17:09:53,DELIVERED,WEST
O01456,C0337,2025-01-05 01:07:05,PLACED,NORTH
O01457,C0508,12-09-2025 05:00:39,CANCELLED,SOUTH
O01458,C0710,2026-06-09 08:34:38,DELIVERED,SOUTH
O01459,C0245,09-07-2025 09:45:31,DELIVERED,EAST
O01460,C0758,2026-04-22 23:52:33,SHIPPED,SOUTH
O01461,C0007,2025-11-22 19:24:06,PLACED,EAST
O01462,C0031,2026-05-22 10:06:01,PLACED,EAST
O01463,C0451,2025-01-11 23:56:34,DELIVERED,EAST
O01464,C0045,2024-07-24 01:22:45,SHIPPED,EAST
O01465,C0179,2026-02-07 00:42:56,CANCELLED,SOUTH
O01466,C0348,2026-06-19 16:43:17,SHIPPED,SOUTH
O01467,C0023,2025-10-26 18:19:15,DELIVERED,NORTH
O01468,C0022,2026-04-07 19:16:18,DELIVERED,WEST
O01469,C0671,2025-12-20 02:18:22,SHIPPED,SOUTH
O01470,C0313,2025-09-17 08:15:10,SHIPPED,EAST
O01471,C0677,2026-04-28 15:17:50,RETURNED,CENTRAL
O01472,C0445,2026-05-14 06:20:09,DELIVERED,NORTH
O01473,C0148,2026-05-17 15:09:05,CANCELLED,SOUTH
O01474,C0197,2026-01-23 19:46:10,DELIVERED,EAST
O01475,C0326,2026-05-13 20:12:11,DELIVERED,SOUTH
O01476,C0048,05-07-2026 02:06:38,DELIVERED,SOUTH
O01477,C0549,2025-12-30 11:57:49,DELIVERED,EAST
O01478,C0254,2025-07-04 08:49:09,DELIVERED,EAST
O01479,C0130,2026-04-08 09:24:53,RETURNED,WEST
O01480,NULL,2026-04-25 10:54:49,PLACED,WEST
O01481,NULL,2025-07-18 09:19:16,SHIPPED,WEST
O01482,C0770,2026-06-15 01:00:19,DELIVERED,EAST
O01483,C0511,2026-06-17 00:51:17,DELIVERED,EAST
O01484,C0730,2026-05-05 14:24:04,DELIVERED,WEST
O01485,C0733,2025-07-20 07:35:30,DELIVERED,CENTRAL
O01486,C0411,2026-04-15 15:09:01,CANCELLED,CENTRAL
O01487,C0666,2026-05-12 13:17:40,SHIPPED,SOUTH
O01488,C0463,2026-05-09 12:18:40,DELIVERED,EAST
O01489,C0436,2025-07-18 21:20:09,DELIVERED,EAST
O01490,C0261,2026-04-15 19:30:58,PLACED,NORTH
O01491,C0303,2026-04-09 15:05:23,DELIVERED,SOUTH
O01492,C0598,2024-08-01 22:57:34,DELIVERED,CENTRAL
O01493,C0345,2025-06-06 23:07:24,DELIVERED,WEST
O01494,C0419,2026-06-22 16:21:53,DELIVERED,EAST
O01495,C0280,2026-01-26 11:57:19,PLACED,WEST
O01496,C0240,2026-03-11 13:54:05,DELIVERED,EAST
O01497,C0085,2025-05-13 18:12:36,DELIVERED,CENTRAL
O01498,C0560,2025-11-12 22:35:15,PLACED,EAST
O01499,C0234,2025-07-15 10:28:43,PLACED,EAST
O01500,C0040,29-08-2025 02:39:48,SHIPPED,SOUTH
O01501,C0692,2026-06-06 23:11:16,SHIPPED,EAST
O01502,,2026-06-27 00:31:58,DELIVERED,SOUTH
O01503,C0771,2026-06-09 06:39:45,DELIVERED,EAST
O01504,,2026-06-15 03:15:31,SHIPPED,EAST
O01505,C0414,2026-06-13 18:58:17,DELIVERED,NORTH
O01506,C0484,2025-11-21 01:08:26,DELIVERED,SOUTH
O01507,C0408,27-06-2025 18:22:14,SHIPPED,SOUTH
O01508,C0486,2026-06-10 16:36:52,DELIVERED,CENTRAL
O01509,NULL,2025-09-25 01:54:56,DELIVERED,WEST
O01510,C0349,2026-05-04 02:21:48,PLACED,SOUTH
O01511,C0440,2026-06-29 09:16:03,RETURNED,WEST
O01512,C0215,2026-01-03 08:48:05,DELIVERED,CENTRAL
O01513,C0031,2026-03-13 12:27:31,PLACED,SOUTH
O01514,C0313,2026-04-24 01:40:59,PLACED,EAST
O01515,C0348,2025-10-07 03:27:00,DELIVERED,WEST
O01516,C0782,2026-04-18 09:28:57,DELIVERED,EAST
O01517,C0334,2025-10-27 21:38:09,PLACED,NORTH
O01518,C0143,2024-10-28 09:00:44,RETURNED,EAST
O01519,C0582,2026-06-06 21:39:36,RETURNED,SOUTH
O01520,C0401,2026-03-06 08:54:23,DELIVERED,SOUTH
O01521,C0487,2025-09-25 04:34:58,SHIPPED,WEST
O01522,NULL,2026-05-26 23:13:59,SHIPPED,SOUTH
O01523,C0107,2026-06-13 12:35:50,DELIVERED,NORTH
O01524,C0706,2026-06-08 03:52:46,DELIVERED,SOUTH
O01525,C0204,2025-10-05 23:42:12,CANCELLED,WEST
O01526,C0291,2025-10-12 23:03:19,SHIPPED,CENTRAL
O01527,C0072,2026-01-08 03:32:43,PLACED,CENTRAL
O01528,NULL,2024-11-11 11:03:48,SHIPPED,WEST
O01529,C0401,2026-03-24 11:50:17,RETURNED,SOUTH
O01530,C0550,2026-04-14 05:56:48,DELIVERED,NORTH
O01531,C0399,2026-06-02 20:05:30,CANCELLED,SOUTH
O01532,C0211,2026-04-04 07:08:46,DELIVERED,WEST
O01533,C0163,2026-07-05 05:29:23,DELIVERED,EAST
O01534,C0602,2026-03-01 19:50:38,DELIVERED,WEST
O01535,C0283,2025-10-03 08:00:20,PLACED,SOUTH
O01536,C0457,2024-08-19 16:29:16,DELIVERED,CENTRAL
O01537,C0253,2026-05-26 10:40:32,SHIPPED,CENTRAL
O01538,C0503,2025-06-23 10:50:05,DELIVERED,NORTH
O01539,C0755,2026-04-09 16:34:09,SHIPPED,WEST
O01540,C0356,2026-04-26 23:25:23,DELIVERED,EAST
O01541,C0401,2026-06-21 00:54:54,DELIVERED,SOUTH
O01542,C0426,2025-06-22 12:12:34,SHIPPED,CENTRAL
O01543,NULL,2026-04-27 19:14:45,DELIVERED,SOUTH
O01544,C0716,2025-10-16 15:45:24,PLACED,NORTH
O01545,C0246,2026-06-28 23:27:43,CANCELLED,EAST
O01546,C0644,2026-01-30 16:09:15,SHIPPED,NORTH
O01547,C0715,2026-05-24 03:49:21,DELIVERED,SOUTH
O01548,C0506,2026-06-03 20:41:42,RETURNED,CENTRAL
O01549,C0125,2026-03-30 04:49:55,PLACED,NORTH
O01550,C0517,2026-02-16 09:19:26,DELIVERED,WEST
O01551,C0462,2026-01-02 00:24:42,SHIPPED,CENTRAL
O01552,C0046,2026-03-12 23:25:35,PLACED,WEST
O01553,C0391,2025-03-24 22:14:38,DELIVERED,SOUTH
O01554,C0407,2025-05-13 08:10:14,PLACED,NORTH
O01555,C0727,2026-07-08 08:40:20,PLACED,WEST
O01556,C0497,2025-09-29 08:19:04,PLACED,CENTRAL
O01557,C0673,2025-11-27 02:20:24,DELIVERED,WEST
O01558,C0144,2026-01-20 16:07:09,DELIVERED,SOUTH
O01559,C0175,2026-06-29 15:20:52,PLACED,NORTH
O01560,C0182,2026-05-06 13:24:24,PLACED,WEST
O01561,C0173,2025-06-07 06:17:41,DELIVERED,NORTH
O01562,C0694,2025-06-28 05:47:29,SHIPPED,EAST
O01563,C0183,2026-05-11 00:53:00,DELIVERED,CENTRAL
O01564,C0222,2025-09-06 08:33:39,DELIVERED,CENTRAL
O01565,C0657,2025-06-24 20:12:20,DELIVERED,EAST
O01566,C0455,2026-05-04 02:08:11,DELIVERED,NORTH
O01567,C0791,2026-05-16 06:47:26,DELIVERED,SOUTH
O01568,C0384,2025-10-10 06:42:50,SHIPPED,NORTH
O01569,C0432,2024-12-24 16:55:01,RETURNED,EAST
O01570,C0197,2026-03-22 01:40:55,DELIVERED,SOUTH
O01571,C0099,2025-07-06 09:33:49,DELIVERED,NORTH
O01572,C0426,2026-01-13 01:41:39,PLACED,EAST
O01573,C0331,2025-09-27 05:25:19,DELIVERED,CENTRAL
O01574,C0405,2026-06-30 06:47:51,DELIVERED,SOUTH
O01575,C0219,2025-02-04 05:50:43,DELIVERED,SOUTH
O01576,C0016,2026-03-11 08:25:24,DELIVERED,NORTH
O01577,C0399,2024-12-13 06:16:54,DELIVERED,NORTH
O01578,C0674,2026-03-30 03:24:47,DELIVERED,EAST
O01579,C0045,2024-08-22 07:08:44,CANCELLED,WEST
O01580,C0309,2026-07-07 03:27:58,DELIVERED,NORTH
O01581,C0730,2026-06-06 02:47:13,DELIVERED,CENTRAL
O01582,C0176,2025-07-19 16:30:17,RETURNED,CENTRAL
O01583,C0333,2026-04-03 00:20:32,DELIVERED,SOUTH
O01584,C0341,2026-02-16 01:06:06,DELIVERED,EAST
O01585,C0683,2025-08-05 11:33:42,PLACED,NORTH
O01586,NULL,2026-06-07 05:25:06,DELIVERED,WEST
O01587,C0524,2026-02-24 13:29:58,DELIVERED,CENTRAL
O01588,C0602,2025-12-18 03:53:14,SHIPPED,CENTRAL
O01589,C0778,2025-04-26 08:34:28,SHIPPED,WEST
O01590,C0776,2025-04-03 04:01:17,DELIVERED,NORTH
O01591,C0141,2026-03-30 21:37:35,DELIVERED,SOUTH
O01592,C0156,2026-03-27 22:13:28,SHIPPED,NORTH
O01593,C0244,2026-06-22 14:47:49,DELIVERED,WEST
O01594,C0757,2026-05-13 10:39:07,SHIPPED,EAST
O01595,C0326,2026-05-30 22:48:21,DELIVERED,NORTH
O01596,C0534,2025-12-07 06:10:24,DELIVERED,EAST
O01597,C0769,2026-02-07 14:25:08,SHIPPED,EAST
O01598,C0351,2025-08-22 03:50:54,SHIPPED,NORTH
O01599,C0681,2025-11-05 10:40:42,DELIVERED,SOUTH
O01600,C0623,2026-05-09 20:24:53,DELIVERED,EAST
O01601,C0188,2025-09-06 14:12:16,DELIVERED,NORTH
O01602,C0504,2024-08-24 08:36:48,RETURNED,NORTH
O01603,C0650,2025-04-04 22:20:52,RETURNED,SOUTH
O01604,NULL,2024-11-12 21:33:07,DELIVERED,SOUTH
O01605,C0242,2026-07-02 06:23:05,PLACED,WEST
O01606,,2026-01-11 18:04:15,DELIVERED,SOUTH
O01607,C0435,2025-04-25 00:59:46,DELIVERED,EAST
O01608,C0293,2025-10-23 17:16:54,DELIVERED,SOUTH
O01609,C0279,2026-06-09 17:40:19,PLACED,EAST
O01610,C0408,2025-10-22 09:09:51,SHIPPED,WEST
O01611,C0433,2026-01-25 11:20:09,DELIVERED,WEST
O01612,C0779,2024-11-24 01:47:06,DELIVERED,WEST
O01613,C0021,2026-06-11 21:41:44,DELIVERED,NORTH
O01614,C0778,2025-09-10 04:43:18,DELIVERED,SOUTH
O01615,C0567,2025-08-27 11:16:21,SHIPPED,WEST
O01616,C0314,2025-09-27 07:46:29,SHIPPED,CENTRAL
O01617,C0621,2026-04-11 11:35:17,PLACED,SOUTH
O01618,C0733,2025-06-30 11:36:43,SHIPPED,SOUTH
O01619,C0005,2025-10-22 23:37:26,CANCELLED,EAST
O01620,C0504,2025-05-11 05:27:23,CANCELLED,WEST
O01621,C0761,2026-04-20 21:57:45,DELIVERED,EAST
O01622,C0657,2026-07-06 22:52:29,PLACED,NORTH
O01623,NULL,2025-09-19 21:40:36,RETURNED,SOUTH
O01624,C0199,2026-05-03 10:35:29,RETURNED,EAST
O01625,C0522,2026-01-03 19:06:45,DELIVERED,EAST
O01626,C0714,2024-08-14 19:41:31,DELIVERED,WEST
O01627,C0754,2026-06-07 23:31:59,SHIPPED,NORTH
O01628,C0371,2025-06-14 22:43:53,DELIVERED,SOUTH
O01629,C0268,2026-04-24 18:35:25,RETURNED,SOUTH
O01630,C0261,2025-12-19 02:04:23,DELIVERED,SOUTH
O01631,C0013,2026-02-02 08:00:30,DELIVERED,WEST
O01632,C0408,2026-07-04 10:05:40,DELIVERED,NORTH
O01633,C0531,2026-03-16 15:58:48,CANCELLED,SOUTH
O01634,C0438,2025-10-23 09:51:41,DELIVERED,CENTRAL
O01635,C0546,2026-03-16 07:41:48,DELIVERED,WEST
O01636,C0771,2026-06-18 04:25:04,CANCELLED,NORTH
O01637,C0652,2026-03-16 09:07:40,DELIVERED,EAST
O01638,C0147,2025-01-25 22:55:16,DELIVERED,WEST
O01639,C0716,2025-03-28 07:24:24,PLACED,SOUTH
O01640,C0504,2024-07-02 05:25:36,PLACED,WEST
O01641,C0538,2025-05-20 18:30:14,DELIVERED,WEST
O01642,C0175,2025-10-15 12:10:45,DELIVERED,SOUTH
O01643,C0203,2026-04-01 11:07:13,SHIPPED,NORTH
O01644,C0462,07-06-2026 05:40:54,DELIVERED,SOUTH
O01645,C0206,2025-03-28 19:30:19,DELIVERED,SOUTH
O01646,C0266,2026-04-26 09:06:38,DELIVERED,CENTRAL
O01647,C0112,2026-04-22 07:58:58,SHIPPED,EAST
O01648,C0088,2025-07-10 09:22:13,PLACED,NORTH
O01649,C0351,2025-03-10 01:01:35,DELIVERED,WEST
O01650,C0497,2026-03-12 13:59:11,DELIVERED,NORTH
O01651,C0063,2025-01-23 16:06:16,DELIVERED,NORTH
O01652,C0682,2026-05-26 02:23:33,DELIVERED,NORTH
O01653,C0100,2025-06-06 22:35:57,DELIVERED,NORTH
O01654,C0385,2026-02-28 08:27:09,DELIVERED,EAST
O01655,C0498,2025-11-23 13:40:47,DELIVERED,CENTRAL
O01656,C0440,2026-06-08 08:06:33,DELIVERED,EAST
O01657,C0323,2025-10-07 02:24:44,RETURNED,WEST
O01658,C0388,2025-10-18 10:18:22,PLACED,EAST
O01659,C0339,2026-02-25 10:51:37,PLACED,WEST
O01660,C0743,2025-06-01 20:35:40,PLACED,NORTH
O01661,C0544,2025-02-03 01:39:08,RETURNED,SOUTH
O01662,C0378,2025-06-17 00:21:48,DELIVERED,WEST
O01663,C0528,2026-04-23 05:18:34,DELIVERED,NORTH
O01664,C0654,2026-03-06 02:58:06,PLACED,EAST
O01665,C0047,2026-07-01 19:29:31,DELIVERED,WEST
O01666,C0240,2026-05-16 19:43:14,DELIVERED,CENTRAL
O01667,C0084,2025-04-12 13:24:56,DELIVERED,WEST
O01668,C0675,2026-04-10 12:09:27,DELIVERED,EAST
O01669,C0622,2025-04-05 12:29:52,DELIVERED,CENTRAL
O01670,C0586,2026-05-25 19:26:36,CANCELLED,CENTRAL
O01671,C0033,2025-12-30 15:45:15,DELIVERED,NORTH
O01672,C0309,2026-07-02 06:40:20,RETURNED,WEST
O01673,C0173,2026-03-20 15:23:13,RETURNED,WEST
O01674,C0679,2025-10-04 22:46:49,SHIPPED,SOUTH
O01675,C0175,2026-05-27 12:49:20,RETURNED,NORTH
O01676,C0109,2026-01-11 19:00:02,RETURNED,NORTH
O01677,C0165,2026-03-23 19:12:28,CANCELLED,EAST
O01678,C0226,2026-01-10 14:23:36,SHIPPED,WEST
O01679,C0687,2026-03-21 21:40:43,DELIVERED,CENTRAL
O01680,C0649,2026-05-19 17:21:08,DELIVERED,EAST
O01681,C0230,2026-06-25 22:06:44,DELIVERED,CENTRAL
O01682,C0067,2026-07-06 02:23:22,SHIPPED,WEST
O01683,C0670,2026-04-07 17:39:09,DELIVERED,WEST
O01684,C0239,2025-10-20 15:17:22,SHIPPED,EAST
O01685,C0090,2025-03-10 12:19:14,PLACED,CENTRAL
O01686,,2026-06-06 08:40:51,RETURNED,CENTRAL
O01687,,2025-10-01 11:37:00,CANCELLED,WEST
O01688,C0591,2026-01-24 09:08:42,PLACED,NORTH
O01689,C0605,2025-10-15 11:12:12,DELIVERED,WEST
O01690,C0328,2026-02-20 01:43:05,DELIVERED,SOUTH
O01691,,2026-07-01 10:37:57,DELIVERED,SOUTH
O01692,C0110,2026-01-09 01:09:25,PLACED,WEST
O01693,C0324,2026-01-15 04:42:32,DELIVERED,EAST
O01694,C0225,2026-06-13 01:23:20,DELIVERED,SOUTH
O01695,C0616,2025-02-06 02:49:30,PLACED,NORTH
O01696,C0614,2025-08-16 15:49:48,SHIPPED,NORTH
O01697,C0281,2026-07-03 04:51:00,DELIVERED,WEST
O01698,C0647,2026-05-15 19:55:31,SHIPPED,EAST
O01699,C0722,2026-05-15 13:47:41,PLACED,EAST
O01700,C0157,2026-04-05 00:53:21,DELIVERED,SOUTH
O01701,NULL,2025-07-10 19:54:24,CANCELLED,SOUTH
O01702,C0500,2026-03-20 03:54:50,SHIPPED,SOUTH
O01703,C0023,2026-04-12 16:43:59,SHIPPED,WEST
O01704,C0357,2025-12-19 23:31:47,DELIVERED,CENTRAL
O01705,NULL,2025-02-05 20:14:44,SHIPPED,SOUTH
O01706,C0718,2026-04-01 20:27:02,PLACED,EAST
O01707,C0771,2026-02-23 19:08:09,CANCELLED,NORTH
O01708,C0727,2025-03-19 04:21:01,DELIVERED,SOUTH
O01709,C0592,2025-01-19 20:19:19,DELIVERED,WEST
O01710,C0299,2026-05-28 21:21:26,PLACED,SOUTH
O01711,C0767,2025-05-10 23:16:29,DELIVERED,NORTH
O01712,C0371,2025-08-11 04:26:43,DELIVERED,SOUTH
O01713,C0386,2026-01-25 17:55:38,DELIVERED,SOUTH
O01714,C0058,2025-06-27 14:27:34,DELIVERED,WEST
O01715,C0184,2025-01-28 18:09:04,PLACED,CENTRAL
O01716,C0666,2026-06-10 20:43:44,DELIVERED,SOUTH
O01717,C0643,2026-01-13 05:18:57,DELIVERED,NORTH
O01718,C0122,2026-01-15 12:56:06,DELIVERED,EAST
O01719,C0705,2026-05-08 12:34:18,RETURNED,WEST
O01720,C0795,2026-04-19 15:59:43,RETURNED,NORTH
O01721,C0797,2025-09-21 03:30:20,CANCELLED,WEST
O01722,C0282,2026-06-22 10:24:05,DELIVERED,NORTH
O01723,C0120,2024-09-09 04:27:54,PLACED,CENTRAL
O01724,C0231,2025-12-13 22:37:29,DELIVERED,CENTRAL
O01725,C0492,2026-01-01 14:36:00,DELIVERED,NORTH
O01726,C0608,2026-02-11 07:56:33,DELIVERED,WEST
O01727,C0306,2025-10-28 20:05:55,PLACED,EAST
O01728,C0066,2026-02-24 09:36:09,CANCELLED,CENTRAL
O01729,C0190,2026-05-20 09:57:15,DELIVERED,NORTH
O01730,C0404,2026-04-24 22:51:22,DELIVERED,CENTRAL
O01731,C0501,2025-10-08 19:53:10,DELIVERED,CENTRAL
O01732,C0552,2026-01-03 04:35:46,DELIVERED,SOUTH
O01733,C0675,13-04-2026 18:46:44,SHIPPED,CENTRAL
O01734,C0712,2025-10-15 18:16:45,PLACED,WEST
O01735,C0322,2025-01-10 13:43:50,PLACED,CENTRAL
O01736,C0212,2026-06-23 11:03:01,SHIPPED,CENTRAL
O01737,C0263,2026-06-25 16:01:21,DELIVERED,NORTH
O01738,C0128,2025-12-23 03:17:18,SHIPPED,CENTRAL
O01739,C0176,2025-11-29 14:14:53,RETURNED,NORTH
O01740,C0255,2025-12-07 17:47:41,PLACED,CENTRAL
O01741,C0301,2026-05-05 23:53:49,DELIVERED,SOUTH
O01742,C0591,2025-07-16 22:31:00,DELIVERED,CENTRAL
O01743,C0361,2026-06-21 16:58:00,DELIVERED,SOUTH
O01744,C0705,2025-10-27 10:49:55,DELIVERED,NORTH
O01745,C0243,2024-07-29 12:46:13,SHIPPED,EAST
O01746,C0221,2025-06-18 05:49:06,DELIVERED,SOUTH
O01747,C0606,2025-05-04 21:27:35,SHIPPED,CENTRAL
O01748,C0433,2025-02-24 18:09:52,DELIVERED,EAST
O01749,C0391,17-11-2025 16:34:15,CANCELLED,WEST
O01750,C0468,2025-08-01 15:58:06,RETURNED,WEST
O01751,C0712,2025-09-17 06:15:38,DELIVERED,NORTH
O01752,C0645,2026-01-21 02:03:00,SHIPPED,SOUTH
O01753,C0732,2025-04-16 01:14:04,DELIVERED,CENTRAL
O01754,C0620,2026-01-25 16:59:32,DELIVERED,SOUTH
O01755,C0324,2026-05-07 09:41:52,DELIVERED,CENTRAL
O01756,,2025-07-23 05:09:47,SHIPPED,CENTRAL
O01757,C0113,2026-07-04 06:17:50,DELIVERED,NORTH
O01758,C0338,2026-07-03 07:26:36,PLACED,EAST
O01759,C0797,2025-04-26 05:48:18,PLACED,SOUTH
O01760,C0281,2025-08-11 19:55:58,PLACED,SOUTH
O01761,C0388,20-09-2024 13:23:33,DELIVERED,NORTH
O01762,C0180,2026-04-20 11:06:32,DELIVERED,EAST
O01763,C0603,2026-03-13 03:34:34,PLACED,EAST
O01764,C0718,2026-01-05 00:47:59,DELIVERED,CENTRAL
O01765,C0102,2025-09-15 15:03:00,SHIPPED,WEST
O01766,C0186,2026-02-10 02:29:20,DELIVERED,CENTRAL
O01767,C0565,2026-06-10 20:27:49,CANCELLED,WEST
O01768,C0489,2026-03-01 00:43:49,PLACED,NORTH
O01769,C0704,2025-09-22 21:33:11,DELIVERED,SOUTH
O01770,C0147,2025-04-21 05:21:22,DELIVERED,EAST
O01771,NULL,2026-06-14 08:59:35,DELIVERED,EAST
O01772,C0725,2026-04-09 08:56:39,DELIVERED,WEST
O01773,C0724,2025-12-07 13:45:38,SHIPPED,EAST
O01774,C0480,2025-07-26 02:13:54,SHIPPED,WEST
O01775,C0534,2025-07-15 16:28:19,SHIPPED,NORTH
O01776,C0313,2025-08-09 17:59:05,DELIVERED,NORTH
O01777,C0650,2025-02-15 17:31:08,PLACED,SOUTH
O01778,C0096,2026-03-27 01:28:58,DELIVERED,NORTH
O01779,C0762,2025-02-08 00:38:46,DELIVERED,WEST
O01780,C0011,2025-12-31 15:48:49,DELIVERED,SOUTH
O01781,C0492,24-06-2026 15:45:41,DELIVERED,CENTRAL
O01782,C0715,2025-10-02 10:12:35,DELIVERED,CENTRAL
O01783,C0195,2026-07-08 08:38:53,DELIVERED,WEST
O01784,C0720,2026-05-13 18:08:02,DELIVERED,SOUTH
O01785,NULL,2025-11-26 13:10:43,RETURNED,CENTRAL
O01786,C0701,2026-05-26 02:41:47,DELIVERED,SOUTH
O01787,C0691,2026-06-23 11:54:42,CANCELLED,CENTRAL
O01788,C0231,2026-02-10 21:23:11,PLACED,SOUTH
O01789,C0527,2026-01-03 04:54:56,RETURNED,WEST
O01790,C0508,2025-11-13 05:25:09,SHIPPED,NORTH
O01791,C0347,2026-07-05 10:39:18,SHIPPED,CENTRAL
O01792,C0785,2026-07-01 06:49:59,PLACED,EAST
O01793,C0495,2026-03-30 00:01:08,SHIPPED,NORTH
O01794,C0756,2026-05-26 05:58:54,DELIVERED,SOUTH
O01795,C0313,2026-02-09 09:53:50,DELIVERED,NORTH
O01796,C0475,2026-06-29 05:17:32,DELIVERED,WEST
O01797,C0059,2026-06-14 12:56:37,PLACED,WEST
O01798,C0337,2025-04-20 17:39:33,DELIVERED,NORTH
O01799,C0359,2025-09-21 14:13:52,DELIVERED,NORTH
O01800,C0104,28-03-2026 07:22:57,DELIVERED,NORTH
O01801,C0542,2025-09-18 11:35:36,CANCELLED,WEST
O01802,C0127,2026-02-16 07:00:38,PLACED,EAST
O01803,C0232,2026-06-20 16:48:26,DELIVERED,EAST
O01804,C0374,2025-05-29 16:51:49,CANCELLED,CENTRAL
O01805,C0276,2025-10-05 05:06:38,RETURNED,WEST
O01806,C0166,2026-01-04 07:43:26,DELIVERED,WEST
O01807,C0006,2025-04-06 00:39:29,CANCELLED,SOUTH
O01808,C0114,2026-02-10 19:26:47,SHIPPED,SOUTH
O01809,C0405,2025-05-24 01:02:54,DELIVERED,NORTH
O01810,C0165,2026-02-02 06:44:20,RETURNED,EAST
O01811,C0122,2026-03-26 12:53:34,DELIVERED,WEST
O01812,C0699,2026-06-11 19:54:28,PLACED,WEST
O01813,C0514,2026-05-18 00:19:50,PLACED,NORTH
O01814,C0022,2024-10-06 23:06:50,SHIPPED,CENTRAL
O01815,C0014,2026-05-22 14:50:34,SHIPPED,EAST
O01816,C0440,09-07-2026 09:38:00,DELIVERED,NORTH
O01817,C0445,2025-07-08 23:26:47,SHIPPED,WEST
O01818,C0085,2026-05-11 00:12:07,DELIVERED,CENTRAL
O01819,C0157,2026-01-18 10:10:43,DELIVERED,SOUTH
O01820,C0288,2025-12-24 16:03:50,CANCELLED,SOUTH
O01821,C0683,2026-04-25 09:16:05,DELIVERED,WEST
O01822,C0724,2025-03-07 01:16:07,DELIVERED,CENTRAL
O01823,C0626,2024-11-18 17:35:37,SHIPPED,CENTRAL
O01824,C0645,2025-11-05 19:30:43,PLACED,NORTH
O01825,C0136,2025-08-31 16:27:37,PLACED,SOUTH
O01826,C0150,2026-02-17 02:51:48,PLACED,SOUTH
O01827,C0094,2026-05-03 08:39:14,PLACED,WEST
O01828,C0538,2025-02-24 00:33:59,DELIVERED,SOUTH
O01829,C0228,2026-03-03 13:24:16,DELIVERED,NORTH
O01830,,2026-05-25 22:18:13,DELIVERED,EAST
O01831,,2025-08-16 03:06:39,DELIVERED,EAST
O01832,C0729,2025-11-03 17:28:04,SHIPPED,NORTH
O01833,,2025-02-14 18:13:43,PLACED,EAST
O01834,C0218,2025-02-07 14:41:37,DELIVERED,CENTRAL
O01835,C0104,2026-03-28 08:20:57,SHIPPED,WEST
O01836,C0373,2026-06-09 05:28:00,SHIPPED,NORTH
O01837,,2025-08-08 07:20:06,DELIVERED,SOUTH
O01838,C0340,2025-04-26 01:29:16,DELIVERED,EAST
O01839,C0761,2026-06-20 09:21:06,DELIVERED,SOUTH
O01840,C0666,2026-06-04 19:00:10,SHIPPED,WEST
O01841,C0090,2025-03-06 14:47:49,PLACED,CENTRAL
O01842,C0124,2025-03-26 21:01:16,DELIVERED,SOUTH
O01843,C0198,2026-01-29 07:48:55,DELIVERED,NORTH
O01844,C0077,2025-12-02 12:58:17,DELIVERED,EAST
O01845,C0743,17-02-2026 07:42:03,RETURNED,SOUTH
O01846,C0547,2026-02-10 16:19:48,PLACED,SOUTH
O01847,NULL,2025-09-01 13:58:59,DELIVERED,CENTRAL
O01848,C0356,2025-12-18 03:28:45,DELIVERED,NORTH
O01849,C0447,2025-02-27 14:10:40,DELIVERED,CENTRAL
O01850,C0516,2025-11-06 11:53:19,SHIPPED,EAST
O01851,C0714,2024-10-09 03:30:30,SHIPPED,CENTRAL
O01852,C0063,2026-03-10 00:30:35,RETURNED,SOUTH
O01853,C0759,2026-04-02 17:49:19,DELIVERED,CENTRAL
O01854,C0526,2024-08-28 05:49:53,SHIPPED,CENTRAL
O01855,C0394,2026-04-27 05:26:00,DELIVERED,WEST
O01856,C0622,2025-06-03 21:01:06,SHIPPED,NORTH
O01857,C0164,2026-05-13 02:28:31,SHIPPED,NORTH
O01858,C0526,2025-06-19 18:02:07,DELIVERED,CENTRAL
O01859,C0266,2026-04-05 21:59:37,CANCELLED,EAST
O01860,C0726,2025-10-21 13:28:33,DELIVERED,SOUTH
O01861,C0230,2026-05-05 10:17:05,DELIVERED,EAST
O01862,C0041,2026-06-01 19:17:39,PLACED,EAST
O01863,C0137,2025-10-11 01:16:15,CANCELLED,NORTH
O01864,C0658,2025-03-07 09:50:48,RETURNED,SOUTH
O01865,C0548,2025-10-24 02:55:16,PLACED,EAST
O01866,C0648,2026-07-04 00:29:44,RETURNED,EAST
O01867,C0086,2026-06-17 15:13:46,SHIPPED,SOUTH
O01868,C0419,15-06-2026 15:09:21,SHIPPED,NORTH
O01869,C0641,2026-06-24 17:53:29,PLACED,EAST
O01870,,2026-05-01 07:26:56,SHIPPED,NORTH
O01871,C0551,2025-11-23 13:17:16,RETURNED,CENTRAL
O01872,C0109,2025-12-01 16:38:29,RETURNED,EAST
O01873,C0642,2025-11-05 16:18:44,DELIVERED,SOUTH
O01874,C0453,2025-07-06 09:00:35,SHIPPED,SOUTH
O01875,C0596,2026-06-07 07:05:01,DELIVERED,WEST
O01876,C0160,2026-03-18 05:32:32,SHIPPED,WEST
O01877,C0378,2024-10-24 05:08:58,CANCELLED,NORTH
O01878,C0508,2025-08-28 11:49:43,DELIVERED,SOUTH
O01879,C0194,2026-06-19 11:11:40,DELIVERED,SOUTH
O01880,C0664,2025-02-05 01:41:09,PLACED,SOUTH
O01881,C0182,2026-06-26 08:54:40,DELIVERED,CENTRAL
O01882,C0193,2024-12-28 22:43:07,PLACED,WEST
O01883,C0252,2025-06-19 10:15:54,CANCELLED,WEST
O01884,C0103,2026-05-21 07:01:47,DELIVERED,NORTH
O01885,C0618,2025-12-11 17:33:01,DELIVERED,NORTH
O01886,C0113,2025-01-29 12:37:43,DELIVERED,NORTH
O01887,C0136,2025-05-04 21:26:52,DELIVERED,EAST
O01888,C0147,2026-06-30 00:44:31,DELIVERED,NORTH
O01889,C0010,2026-03-07 21:37:30,PLACED,EAST
O01890,C0725,2026-03-08 11:57:59,SHIPPED,WEST
O01891,C0778,2026-04-02 04:18:26,CANCELLED,SOUTH
O01892,C0315,2025-03-15 16:23:09,DELIVERED,SOUTH
O01893,C0058,2026-06-10 04:04:01,DELIVERED,CENTRAL
O01894,C0127,2025-08-19 05:40:19,DELIVERED,NORTH
O01895,C0558,2025-02-16 11:36:23,PLACED,WEST
O01896,C0146,2025-10-28 11:16:54,CANCELLED,NORTH
O01897,C0233,2026-03-18 21:11:26,DELIVERED,EAST
O01898,C0672,2025-09-14 19:12:03,SHIPPED,WEST
O01899,C0704,2026-07-07 19:07:42,DELIVERED,NORTH
O01900,C0504,2024-11-09 16:48:35,RETURNED,SOUTH
O01901,C0105,2026-03-23 17:20:58,DELIVERED,CENTRAL
O01902,C0342,2024-10-12 22:13:19,DELIVERED,NORTH
O01903,C0045,2025-10-13 12:48:56,SHIPPED,WEST
O01904,C0544,2025-03-18 01:56:44,DELIVERED,WEST
O01905,C0154,2025-11-13 05:33:21,DELIVERED,EAST
O01906,C0357,2025-05-10 17:15:25,SHIPPED,WEST
O01907,C0678,2026-04-05 16:11:20,RETURNED,NORTH
O01908,C0003,2026-05-01 07:30:45,RETURNED,SOUTH
O01909,C0797,2026-02-17 10:00:25,PLACED,SOUTH
O01910,C0400,2026-02-27 23:00:20,DELIVERED,WEST
O01911,C0069,2025-11-05 22:45:54,DELIVERED,EAST
O01912,C0149,2025-10-31 03:01:38,SHIPPED,SOUTH
O01913,,2025-11-09 01:14:40,DELIVERED,WEST
O01914,C0435,2025-12-17 19:52:07,DELIVERED,WEST
O01915,C0617,2026-02-13 00:14:27,PLACED,SOUTH
O01916,C0393,2025-05-22 04:22:52,DELIVERED,CENTRAL
O01917,C0547,2026-06-22 07:22:40,DELIVERED,SOUTH
O01918,C0394,2026-01-24 05:41:12,DELIVERED,WEST
O01919,C0540,2025-09-22 20:23:51,DELIVERED,SOUTH
O01920,C0720,2026-02-15 22:36:55,SHIPPED,NORTH
O01921,C0209,2025-04-27 07:47:09,DELIVERED,WEST
O01922,C0137,2025-06-08 13:27:45,PLACED,EAST
O01923,C0370,2026-06-18 19:28:07,DELIVERED,SOUTH
O01924,NULL,2025-11-23 14:15:41,PLACED,CENTRAL
O01925,C0432,2025-06-09 08:28:45,SHIPPED,SOUTH
O01926,C0058,2025-07-30 00:48:09,PLACED,SOUTH
O01927,C0387,2026-03-31 16:48:54,PLACED,WEST
O01928,C0381,2026-01-23 12:02:47,DELIVERED,CENTRAL
O01929,C0076,2026-05-28 07:05:11,DELIVERED,SOUTH
O01930,,2025-12-15 01:04:58,DELIVERED,NORTH
O01931,C0251,14-05-2025 20:36:04,PLACED,WEST
O01932,,2025-08-12 16:38:21,DELIVERED,SOUTH
O01933,C0767,2026-01-23 16:22:52,DELIVERED,EAST
O01934,C0482,2026-03-08 15:20:06,DELIVERED,WEST
O01935,C0661,2026-06-13 00:05:09,PLACED,NORTH
O01936,C0160,2025-10-19 07:14:52,CANCELLED,NORTH
O01937,C0619,2025-12-30 09:53:05,DELIVERED,NORTH
O01938,C0406,2026-04-08 18:16:55,DELIVERED,WEST
O01939,C0568,2025-10-21 10:28:54,CANCELLED,CENTRAL
O01940,C0314,2026-04-13 23:17:41,SHIPPED,SOUTH
O01941,C0279,2025-08-11 09:49:15,DELIVERED,SOUTH
O01942,C0761,2026-02-17 06:43:04,DELIVERED,NORTH
O01943,C0225,2026-05-23 04:12:30,SHIPPED,CENTRAL
O01944,C0620,2025-12-22 23:38:32,DELIVERED,WEST
O01945,C0489,2025-11-12 15:08:21,DELIVERED,WEST
O01946,C0390,2025-07-03 00:32:55,PLACED,EAST
O01947,C0663,2026-01-08 12:04:09,SHIPPED,NORTH
O01948,C0107,2026-04-16 13:18:25,DELIVERED,EAST
O01949,C0029,2026-03-11 12:17:25,SHIPPED,CENTRAL
O01950,C0110,2025-04-27 17:38:15,SHIPPED,NORTH
O01951,,2026-03-21 00:36:14,SHIPPED,SOUTH
O01952,C0654,13-11-2025 13:40:49,SHIPPED,NORTH
O01953,C0584,2025-09-12 16:34:32,PLACED,WEST
O01954,C0047,2026-02-04 07:55:26,SHIPPED,EAST
O01955,C0009,2025-07-29 00:25:18,DELIVERED,WEST
O01956,C0513,2025-06-13 08:53:44,SHIPPED,WEST
O01957,C0744,2025-12-28 09:17:16,RETURNED,NORTH
O01958,C0340,2025-06-01 08:22:18,CANCELLED,CENTRAL
O01959,C0104,2026-04-25 00:37:47,DELIVERED,SOUTH
O01960,C0025,2026-07-08 01:44:41,DELIVERED,WEST
O01961,C0601,2025-01-23 01:20:27,SHIPPED,SOUTH
O01962,C0699,2025-11-28 16:55:32,PLACED,NORTH
O01963,C0736,2026-01-09 22:23:22,CANCELLED,SOUTH
O01964,C0788,2026-02-24 02:49:38,SHIPPED,CENTRAL
O01965,C0529,2026-07-02 09:01:15,DELIVERED,CENTRAL
O01966,C0788,2025-05-07 04:26:32,DELIVERED,SOUTH
O01967,C0348,2025-11-26 21:40:48,DELIVERED,WEST
O01968,C0041,2026-07-05 09:41:03,DELIVERED,SOUTH
O01969,C0626,2025-10-15 09:00:29,PLACED,SOUTH
O01970,C0581,2025-10-31 14:50:49,RETURNED,NORTH
O01971,C0016,2025-08-21 18:40:35,DELIVERED,EAST
O01972,C0561,2026-06-13 19:59:59,RETURNED,NORTH
O01973,,2025-07-22 02:24:43,DELIVERED,SOUTH
O01974,C0303,2025-12-20 17:01:57,PLACED,CENTRAL
O01975,C0373,2026-06-10 03:42:14,PLACED,SOUTH
O01976,C0728,2026-05-05 14:00:50,DELIVERED,WEST
O01977,C0263,2026-06-17 02:15:35,CANCELLED,SOUTH
O01978,,2026-03-19 20:58:47,DELIVERED,EAST
O01979,C0294,2026-06-18 22:15:21,DELIVERED,CENTRAL
O01980,C0697,2025-03-23 04:26:25,DELIVERED,CENTRAL
O01981,C0640,2026-07-08 05:12:45,SHIPPED,NORTH
O01982,C0699,2025-10-20 22:29:55,DELIVERED,EAST
O01983,C0699,2025-01-06 03:31:49,DELIVERED,NORTH
O01984,C0759,2025-12-05 03:42:56,DELIVERED,CENTRAL
O01985,C0009,2025-02-22 01:14:55,CANCELLED,EAST
O01986,NULL,2025-03-19 21:10:11,DELIVERED,NORTH
O01987,,2025-04-28 13:00:04,CANCELLED,NORTH
O01988,C0358,2026-04-09 22:17:38,DELIVERED,CENTRAL
O01989,C0477,2025-10-20 09:03:47,PLACED,NORTH
O01990,C0407,2026-03-16 09:50:15,SHIPPED,EAST
O01991,C0067,2026-03-01 05:18:33,SHIPPED,CENTRAL
O01992,C0498,2025-05-05 03:48:25,DELIVERED,WEST
O01993,C0118,2025-12-25 02:38:37,DELIVERED,CENTRAL
O01994,C0160,2026-03-27 12:24:54,PLACED,SOUTH
O01995,C0328,15-09-2025 08:08:17,PLACED,CENTRAL
O01996,C0793,2026-02-19 09:01:22,PLACED,EAST
O01997,C0441,2026-01-14 16:59:43,SHIPPED,SOUTH
O01998,C0024,07-01-2026 11:48:24,SHIPPED,SOUTH
O01999,C0086,2025-08-05 02:11:09,PLACED,WEST
O02000,C0084,2025-03-04 17:24:03,CANCELLED,WEST
