customer_id,name,city,email,signup_date
1,Rekha Nair,Jaipur,rekha.nair1@example.com,2023-12-18
2,Rajesh Sinha,Bengaluru,rajesh.sinha2@example.com,2023-12-13
3,Bhavna Desai,Kanpur,bhavna.desai3@example.com,2023-02-28
4,Nikhil Verma,Jaipur,nikhil.verma4@example.com,2023-02-16
5,Kavya Chopra,Visakhapatnam,not_provided,2023-01-27
6,Pooja Chauhan,Guwahati,pooja.chauhan6@example.com,2023-12-27
7,Isha Sinha,Kochi,isha.sinha7_new@example.com,2023-10-18
8,Amit Fernandes,Hyderabad,amit.fernandes8@example.com,2023-12-23
9,Deepak Das,Raipur,deepak.das9_new@example.com,2023-04-20
10,Divya Gupta,Surat,divya.gupta10_new@example.com,2023-02-21
11,Nisha Kaur,Kolkata,nisha.kaur11@example.com,2023-01-24
12,Preeti Nair,Bhopal,preeti.nair12@example.com,2023-02-27
13,Anjali Jain,Kanpur,anjali.jain13_new@example.com,2023-10-21
14,Simran Menon,Raipur,simran.menon14@example.com,2023-02-11
15,Alok Sinha,Ludhiana,alok.sinha15@example.com,2023-05-12
16,Kavya Khanna,Pune,kavya.khanna16@example.com,2023-07-18
17,Varun Agarwal,Indore,varun.agarwal17@example.com,2023-03-21
18,Nisha Menon,Ranchi,nisha.menon18@example.com,2023-05-12
19,Payal Agarwal,Hyderabad,payal.agarwal19@example.com,2023-09-17
21,Kavya Banerjee,Ahmedabad,kavya.banerjee21@example.com,2023-01-17
22,Rahul Ghosh,Ahmedabad,rahul.ghosh22@example.com,2023-07-18
24,Manish Agarwal,Chandigarh,manish.agarwal24@example.com,2023-07-24
25,Arjun Das,Bengaluru,arjun.das25@example.com,2023-04-27
26,Preeti Das,Vadodara,preeti.das26@example.com,2023-10-23
27,Kunal Iyer,Indore,kunal.iyer27@example.com,2023-04-14
28,Lakshmi Bose,Mumbai,lakshmi.bose28@example.com,2023-01-13
29,Arjun Agarwal,Ranchi,arjun.agarwal29_new@example.com,2023-11-23
30,Payal Gupta,Bhopal,payal.gupta30@example.com,2023-07-24
31,Aditya Das,Kanpur,aditya.das31@example.com,2023-01-13
32,Bhavna Mishra,Kanpur,bhavna.mishra32@example.com,2023-05-20
33,Rohit Mehta,Nagpur,rohit.mehta33@example.com,2023-03-24
34,Amit Desai,Patna,amit.desai34_new@example.com,2023-05-26
35,Hemant Malhotra,Patna,hemant.malhotra35@example.com,2023-02-19
36,Rekha Chopra,Visakhapatnam,rekha.chopra36@example.com,2023-04-14
37,Aakash Fernandes,Hyderabad,aakash.fernandes37@example.com,2023-09-26
38,Amit Kaur,Ahmedabad,amit.kaur38@example.com,2023-08-10
40,Sneha Sinha,Coimbatore,sneha.sinha40@example.com,2023-02-12
41,Farhan Bose,Mumbai,farhan.bose41@example.com,2023-09-14
42,Ananya Banerjee,Chandigarh,ananya.banerjee42@example.com,2023-09-15
43,Meera Chopra,Visakhapatnam,meera.chopra43@example.com,2023-07-16
44,Preeti Fernandes,Pune,preeti.fernandes44_new@example.com,2023-12-16
45,Damini Mehta,Bhopal,damini.mehta45@example.com,2023-11-21
46,Tara Mishra,Patna,tara.mishra46@example.com,2023-08-13
47,Rajesh Sinha,Mumbai,not_provided,2023-06-10
48,Kunal Pillai,Lucknow,kunal.pillai48@example.com,2023-10-17
49,Amit Gupta,Raipur,amit.gupta49@example.com,2023-11-11
50,Kavya Gupta,Delhi,kavya.gupta50@example.com,2023-06-12
51,Lakshmi Sinha,Kolkata,lakshmi.sinha51@example.com,2023-11-25
52,Manish Pillai,Bengaluru,manish.pillai52@example.com,2023-12-28
53,Simran Bose,Lucknow,simran.bose53@example.com,2023-08-23
54,Pooja Nair,Pune,pooja.nair54@example.com,2023-11-23
55,Nisha Kapoor,Nagpur,nisha.kapoor55@example.com,2023-08-11
56,Bhavna Agarwal,Vadodara,bhavna.agarwal56_new@example.com,2023-02-11
57,Gaurav Desai,Ahmedabad,gaurav.desai57@example.com,2023-02-17
58,Pooja Menon,Kanpur,pooja.menon58@example.com,2023-08-14
59,Nikhil Malhotra,Kolkata,nikhil.malhotra59@example.com,2023-08-17
60,Vikas Singh,Kanpur,vikas.singh60@example.com,2023-02-11
61,Sunil Pillai,Jaipur,sunil.pillai61@example.com,2023-02-17
62,Neha Kapoor,Chandigarh,neha.kapoor62@example.com,2023-08-16
63,Gaurav Mishra,Delhi,gaurav.mishra63@example.com,2023-03-22
64,Amit Iyer,Kolkata,amit.iyer64@example.com,2023-08-19
65,Nikhil Chauhan,Vadodara,nikhil.chauhan65@example.com,2023-09-25
66,Arjun Menon,Chennai,arjun.menon66@example.com,2023-04-11
67,Kunal Desai,Kanpur,not_provided,2023-01-20
68,Sneha Verma,Coimbatore,sneha.verma68@example.com,2023-08-26
69,Aditya Malhotra,Delhi,aditya.malhotra69@example.com,2023-09-12
70,Sanjay Gupta,Coimbatore,sanjay.gupta70_new@example.com,2023-02-17
71,Gaurav Nair,Coimbatore,gaurav.nair71@example.com,2023-04-28
72,Payal Verma,Visakhapatnam,payal.verma72@example.com,2023-02-23
73,Alok Bhat,Coimbatore,alok.bhat73@example.com,2023-09-20
74,Meera Menon,Ranchi,meera.menon74@example.com,2023-12-20
75,Rajesh Das,Bhopal,rajesh.das75@example.com,2023-03-19
76,Varun Joshi,Ludhiana,varun.joshi76@example.com,2023-02-10
77,Varun Kaur,Coimbatore,varun.kaur77@example.com,2023-02-12
78,Preeti Menon,Guwahati,preeti.menon78_new@example.com,2023-05-14
79,Nisha Mishra,Mumbai,nisha.mishra79@example.com,2023-04-21
80,Anjali Malhotra,Surat,anjali.malhotra80@example.com,2023-09-19
81,Manoj Ghosh,Kolkata,manoj.ghosh81_new@example.com,2023-09-10
82,Alok Jain,Kanpur,alok.jain82@example.com,2023-05-13
83,Ananya Das,Pune,ananya.das83@example.com,2023-02-27
84,Arjun Das,Chennai,arjun.das84@example.com,2023-10-16
85,Damini Joshi,Kochi,damini.joshi85@example.com,2023-11-18
86,Lakshmi Bose,Kolkata,lakshmi.bose86@example.com,2023-01-12
87,Rekha Kapoor,Kolkata,rekha.kapoor87@example.com,2023-01-10
88,Deepak Fernandes,Bengaluru,deepak.fernandes88@example.com,2023-11-18
89,Neha Desai,Surat,neha.desai89@example.com,2023-09-23
90,Yash Sharma,Pune,yash.sharma90@example.com,2023-02-14
91,Preeti Verma,Indore,preeti.verma91@example.com,2023-10-27
92,Arjun Kapoor,Bengaluru,arjun.kapoor92@example.com,2023-01-19
93,Aakash Mishra,Delhi,aakash.mishra93@example.com,2023-06-16
94,Bhavna Sinha,Ranchi,bhavna.sinha94@example.com,2023-02-21
95,Indira Pillai,Nagpur,indira.pillai95@example.com,2023-10-14
96,Rajesh Khanna,Guwahati,rajesh.khanna96_new@example.com,2023-03-23
97,Priya Malhotra,Vadodara,priya.malhotra97@example.com,2023-06-23
98,Alok Khanna,Vadodara,alok.khanna98@example.com,2023-04-18
99,Neha Ghosh,Raipur,neha.ghosh99@example.com,2023-02-22
100,Rahul Khanna,Chandigarh,rahul.khanna100@example.com,2023-04-16
101,Varun Reddy,Chennai,varun.reddy101@example.com,2023-04-17
102,Priya Banerjee,Kochi,priya.banerjee102@example.com,2023-07-20
103,Suresh Khanna,Ludhiana,suresh.khanna103_new@example.com,2023-05-21
104,Sunil Chopra,Guwahati,sunil.chopra104_new@example.com,2023-11-27
105,Deepak Sharma,Pune,deepak.sharma105@example.com,2023-05-15
106,Kunal Das,Delhi,not_provided,2023-02-23
107,Nisha Desai,Ahmedabad,nisha.desai107@example.com,2023-07-26
108,Rohit Iyer,Coimbatore,rohit.iyer108@example.com,2023-04-18
109,Rahul Chauhan,Nagpur,rahul.chauhan109@example.com,2023-01-26
110,Preeti Banerjee,Lucknow,preeti.banerjee110_new@example.com,2023-12-16
111,Aakash Kapoor,Mumbai,aakash.kapoor111@example.com,2023-11-20
112,Manoj Joshi,Ranchi,manoj.joshi112@example.com,2023-02-19
113,Lakshmi Mehta,Ranchi,lakshmi.mehta113@example.com,2023-07-20
114,Gaurav Chauhan,Chennai,gaurav.chauhan114@example.com,2023-09-14
115,Pooja Kapoor,Ranchi,pooja.kapoor115@example.com,2023-07-15
116,Manoj Bhat,Chennai,manoj.bhat116@example.com,2023-07-27
117,Amit Mehta,Chennai,amit.mehta117@example.com,2023-04-23
118,Kunal Kaur,Guwahati,kunal.kaur118@example.com,2023-06-24
119,Tara Singh,Ranchi,tara.singh119@example.com,2023-04-26
120,Sonia Ghosh,Chennai,sonia.ghosh120_new@example.com,2023-03-12
121,Anjali Chopra,Ranchi,anjali.chopra121@example.com,2023-11-20
122,Karan Jain,Ludhiana,karan.jain122@example.com,2023-04-19
123,Kavya Ghosh,Ranchi,kavya.ghosh123_new@example.com,2023-03-10
124,Rahul Sinha,Surat,rahul.sinha124_new@example.com,2023-10-12
125,Varun Kapoor,Guwahati,varun.kapoor125@example.com,2023-10-16
126,Damini Chauhan,Bhopal,damini.chauhan126@example.com,2023-08-22
128,Hemant Khanna,Ludhiana,hemant.khanna128@example.com,2023-02-23
129,Kavya Malhotra,Raipur,kavya.malhotra129@example.com,2023-09-24
130,Sneha Pillai,Lucknow,sneha.pillai130@example.com,2023-02-24
131,Ananya Ghosh,Surat,ananya.ghosh131@example.com,2023-11-26
132,Yash Kaur,Lucknow,yash.kaur132_new@example.com,2023-08-26
133,Nikhil Jain,Kanpur,not_provided,2023-08-15
134,Geeta Khanna,Chandigarh,geeta.khanna134@example.com,2023-08-18
135,Anjali Bose,Kanpur,anjali.bose135_new@example.com,2023-05-26
136,Harsh Agarwal,Lucknow,harsh.agarwal136@example.com,2023-05-24
137,Vikas Chauhan,Chennai,vikas.chauhan137@example.com,2023-04-18
138,Deepak Joshi,Bhopal,deepak.joshi138_new@example.com,2023-02-14
139,Arjun Sinha,Bhopal,arjun.sinha139@example.com,2023-12-14
140,Damini Menon,Mumbai,damini.menon140@example.com,2023-07-23
141,Deepak Pillai,Surat,deepak.pillai141@example.com,2023-07-11
142,Manish Jain,Nagpur,manish.jain142@example.com,2023-07-28
143,Chetan Sharma,Ludhiana,chetan.sharma143@example.com,2023-10-22
144,Sonia Sharma,Indore,sonia.sharma144@example.com,2023-05-22
145,Isha Pillai,Vadodara,isha.pillai145@example.com,2023-12-27
146,Payal Mishra,Lucknow,payal.mishra146@example.com,2023-08-17
147,Suresh Kapoor,Chandigarh,suresh.kapoor147@example.com,2023-01-22
148,Deepak Banerjee,Ranchi,deepak.banerjee148@example.com,2023-07-15
149,Varun Patel,Bengaluru,varun.patel149@example.com,2023-10-27
150,Priya Patel,Lucknow,priya.patel150_new@example.com,2023-10-28
151,Alok Sharma,Mumbai,alok.sharma151@example.com,2023-11-23
152,Ananya Khanna,Surat,ananya.khanna152@example.com,2023-03-11
153,Meera Iyer,Ahmedabad,meera.iyer153@example.com,2023-04-24
154,Ritu Joshi,Kanpur,ritu.joshi154_new@example.com,2023-07-18
155,Hemant Jain,Nagpur,hemant.jain155@example.com,2023-05-12
156,Sonia Sharma,Vadodara,sonia.sharma156@example.com,2023-09-11
157,Nisha Sinha,Guwahati,nisha.sinha157@example.com,2023-02-11
158,Hemant Sharma,Lucknow,hemant.sharma158@example.com,2023-04-10
159,Manoj Rao,Lucknow,manoj.rao159@example.com,2023-03-25
160,Alok Nair,Bengaluru,alok.nair160_new@example.com,2023-04-24
161,Chetan Das,Ludhiana,chetan.das161@example.com,2023-06-15
162,Payal Kaur,Vadodara,payal.kaur162@example.com,2023-12-13
163,Indira Jain,Hyderabad,indira.jain163@example.com,2023-05-13
164,Kunal Sharma,Chennai,kunal.sharma164@example.com,2023-10-22
165,Gaurav Chauhan,Kochi,gaurav.chauhan165@example.com,2023-02-28
166,Chetan Jain,Guwahati,chetan.jain166@example.com,2023-04-13
167,Chetan Fernandes,Chennai,chetan.fernandes167@example.com,2023-11-13
168,Simran Ghosh,Delhi,simran.ghosh168@example.com,2023-06-27
169,Nikhil Banerjee,Indore,not_provided,2023-02-26
170,Sunil Joshi,Jaipur,sunil.joshi170@example.com,2023-07-25
171,Divya Kapoor,Indore,divya.kapoor171@example.com,2023-11-24
172,Damini Rao,Nagpur,not_provided,2023-03-26
173,Sunil Das,Visakhapatnam,sunil.das173@example.com,2023-09-25
175,Ritu Khanna,Lucknow,ritu.khanna175@example.com,2023-02-18
176,Tara Sinha,Ludhiana,tara.sinha176@example.com,2023-08-28
177,Manoj Banerjee,Bhopal,manoj.banerjee177@example.com,2023-06-10
178,Harsh Khanna,Ahmedabad,harsh.khanna178@example.com,2023-03-25
179,Manish Reddy,Ahmedabad,manish.reddy179_new@example.com,2023-06-18
180,Payal Chauhan,Kolkata,payal.chauhan180@example.com,2023-09-10
181,Aditya Menon,Nagpur,aditya.menon181_new@example.com,2023-04-23
182,Harsh Pillai,Ludhiana,harsh.pillai182@example.com,2023-04-25
183,Sunil Chauhan,Coimbatore,sunil.chauhan183_new@example.com,2023-08-10
184,Karan Mehta,Lucknow,karan.mehta184@example.com,2023-07-17
185,Vivek Banerjee,Bengaluru,vivek.banerjee185_new@example.com,2023-06-25
186,Yash Chopra,Indore,yash.chopra186@example.com,2023-07-27
187,Deepak Reddy,Raipur,deepak.reddy187@example.com,2023-08-18
188,Vivek Das,Ahmedabad,vivek.das188_new@example.com,2023-02-16
189,Ritu Nair,Mumbai,ritu.nair189_new@example.com,2023-09-15
190,Pooja Menon,Vadodara,pooja.menon190@example.com,2023-08-18
191,Farhan Bhat,Ludhiana,farhan.bhat191@example.com,2023-09-19
192,Divya Jain,Patna,divya.jain192_new@example.com,2023-05-17
193,Aakash Malhotra,Chennai,not_provided,2023-01-27
194,Ananya Das,Delhi,ananya.das194@example.com,2023-01-27
195,Anjali Chauhan,Raipur,anjali.chauhan195_new@example.com,2023-11-25
196,Divya Khanna,Jaipur,divya.khanna196@example.com,2023-10-19
197,Sonia Bose,Surat,sonia.bose197@example.com,2023-06-15
198,Sneha Das,Chandigarh,sneha.das198@example.com,2023-02-12
199,Gaurav Bose,Mumbai,gaurav.bose199@example.com,2023-10-11
200,Arjun Rao,Coimbatore,arjun.rao200@example.com,2023-05-12
201,Rajesh Nair,Visakhapatnam,rajesh.nair201_new@example.com,2023-07-17
202,Indira Chopra,Bhopal,indira.chopra202@example.com,2023-08-24
203,Vivek Khanna,Coimbatore,vivek.khanna203@example.com,2023-07-19
204,Simran Kaur,Delhi,simran.kaur204@example.com,2023-10-13
205,Hemant Menon,Guwahati,hemant.menon205_new@example.com,2023-04-18
206,Alok Gupta,Hyderabad,alok.gupta206@example.com,2023-04-15
207,Yash Gupta,Hyderabad,yash.gupta207@example.com,2023-01-23
208,Tara Chauhan,Patna,tara.chauhan208_new@example.com,2023-08-19
209,Rahul Sinha,Chennai,rahul.sinha209@example.com,2023-12-19
210,Chetan Khanna,Surat,chetan.khanna210@example.com,2023-02-17
211,Meera Ghosh,Guwahati,meera.ghosh211@example.com,2023-10-16
212,Nikhil Nair,Vadodara,nikhil.nair212_new@example.com,2023-04-14
213,Suresh Jain,Bengaluru,suresh.jain213@example.com,2023-02-11
214,Neha Ghosh,Chennai,neha.ghosh214@example.com,2023-10-28
215,Anjali Singh,Pune,anjali.singh215@example.com,2023-08-19
216,Chetan Iyer,Coimbatore,chetan.iyer216_new@example.com,2023-09-27
218,Nikhil Desai,Ahmedabad,nikhil.desai218@example.com,2023-10-18
219,Priya Gupta,Lucknow,priya.gupta219@example.com,2023-11-28
220,Kunal Sharma,Ludhiana,kunal.sharma220@example.com,2023-11-18
221,Simran Verma,Ludhiana,simran.verma221@example.com,2023-03-25
222,Aditya Agarwal,Surat,aditya.agarwal222@example.com,2023-05-15
223,Kunal Kapoor,Guwahati,kunal.kapoor223@example.com,2023-08-12
224,Sonia Reddy,Hyderabad,sonia.reddy224_new@example.com,2023-06-20
225,Alok Nair,Hyderabad,alok.nair225@example.com,2023-06-23
226,Chetan Bose,Hyderabad,chetan.bose226_new@example.com,2023-11-22
227,Hemant Pillai,Delhi,hemant.pillai227@example.com,2023-08-12
228,Ritu Das,Bhopal,ritu.das228_new@example.com,2023-02-22
229,Lakshmi Jain,Jaipur,lakshmi.jain229@example.com,2023-11-27
231,Aakash Kaur,Ludhiana,aakash.kaur231@example.com,2023-08-24
232,Hemant Verma,Kochi,not_provided,2023-05-27
233,Ananya Patel,Chennai,ananya.patel233@example.com,2023-08-25
235,Damini Malhotra,Coimbatore,damini.malhotra235_new@example.com,2023-09-10
236,Yash Kapoor,Indore,yash.kapoor236_new@example.com,2023-04-13
237,Varun Nair,Guwahati,varun.nair237@example.com,2023-03-25
238,Damini Mehta,Patna,damini.mehta238@example.com,2023-12-18
239,Isha Jain,Chandigarh,isha.jain239@example.com,2023-08-17
240,Varun Pillai,Bengaluru,varun.pillai240@example.com,2023-07-16
241,Payal Chopra,Bhopal,payal.chopra241_new@example.com,2023-03-12
242,Suresh Fernandes,Jaipur,suresh.fernandes242_new@example.com,2023-06-26
243,Suresh Jain,Kanpur,suresh.jain243_new@example.com,2023-05-19
244,Kunal Bhat,Ranchi,kunal.bhat244@example.com,2023-08-14
245,Tara Pillai,Chandigarh,tara.pillai245@example.com,2023-06-20
246,Yash Fernandes,Kanpur,yash.fernandes246@example.com,2023-07-24
247,Ritu Khanna,Kochi,ritu.khanna247@example.com,2023-12-17
248,Simran Iyer,Surat,simran.iyer248_new@example.com,2023-07-11
249,Ritu Desai,Chandigarh,ritu.desai249@example.com,2023-12-22
250,Shreya Banerjee,Indore,shreya.banerjee250_new@example.com,2023-03-25
251,Rahul Rao,Patna,rahul.rao251@example.com,2023-10-20
252,Divya Khanna,Surat,divya.khanna252@example.com,2023-02-26
253,Varun Sharma,Vadodara,varun.sharma253@example.com,2023-03-23
254,Sunil Rao,Mumbai,sunil.rao254@example.com,2023-08-18
255,Deepak Kaur,Chennai,deepak.kaur255_new@example.com,2023-07-12
256,Deepak Khanna,Nagpur,deepak.khanna256_new@example.com,2023-09-22
257,Ritu Agarwal,Chandigarh,ritu.agarwal257_new@example.com,2023-08-27
258,Rahul Kaur,Mumbai,rahul.kaur258@example.com,2023-04-19
259,Kavya Desai,Mumbai,kavya.desai259@example.com,2023-07-13
260,Hemant Agarwal,Raipur,hemant.agarwal260@example.com,2023-02-24
261,Neha Chauhan,Chennai,neha.chauhan261@example.com,2023-01-11
262,Ritu Ghosh,Delhi,ritu.ghosh262@example.com,2023-05-21
263,Aakash Kapoor,Bengaluru,aakash.kapoor263@example.com,2023-04-26
264,Isha Bhat,Delhi,isha.bhat264_new@example.com,2023-03-15
265,Sanjay Gupta,Coimbatore,sanjay.gupta265_new@example.com,2023-07-17
266,Harsh Patel,Nagpur,harsh.patel266_new@example.com,2023-03-17
267,Varun Agarwal,Kolkata,varun.agarwal267@example.com,2023-08-18
268,Alok Sharma,Surat,alok.sharma268@example.com,2023-05-27
269,Neha Gupta,Surat,neha.gupta269@example.com,2023-06-28
270,Vivek Agarwal,Visakhapatnam,vivek.agarwal270_new@example.com,2023-12-18
271,Varun Khanna,Chennai,varun.khanna271@example.com,2023-04-22
272,Sonia Nair,Indore,sonia.nair272_new@example.com,2023-07-28
273,Nisha Bhat,Chennai,nisha.bhat273@example.com,2023-12-19
274,Priya Jain,Ranchi,priya.jain274@example.com,2023-07-18
275,Amit Bhat,Ranchi,amit.bhat275@example.com,2023-12-11
276,Payal Desai,Ahmedabad,payal.desai276_new@example.com,2023-05-17
277,Payal Ghosh,Chennai,payal.ghosh277_new@example.com,2023-04-16
278,Manoj Das,Ranchi,manoj.das278@example.com,2023-12-14
279,Rekha Nair,Guwahati,rekha.nair279@example.com,2023-11-11
280,Vivek Ghosh,Surat,vivek.ghosh280@example.com,2023-01-28
281,Aakash Desai,Bengaluru,aakash.desai281@example.com,2023-02-19
282,Ritu Desai,Patna,ritu.desai282_new@example.com,2023-03-16
283,Ananya Ghosh,Kanpur,ananya.ghosh283@example.com,2023-06-26
284,Lakshmi Patel,Kolkata,lakshmi.patel284@example.com,2023-03-18
285,Sonia Ghosh,Chennai,sonia.ghosh285@example.com,2023-12-20
286,Rohit Singh,Mumbai,rohit.singh286@example.com,2023-03-17
287,Bhavna Desai,Mumbai,bhavna.desai287_new@example.com,2023-07-27
288,Aakash Gupta,Bhopal,aakash.gupta288@example.com,2023-01-18
289,Preeti Nair,Surat,preeti.nair289@example.com,2023-06-18
290,Kunal Iyer,Guwahati,kunal.iyer290@example.com,2023-06-13
291,Bhavna Sinha,Chandigarh,bhavna.sinha291@example.com,2023-01-27
292,Ritu Patel,Visakhapatnam,ritu.patel292@example.com,2023-04-12
293,Rekha Jain,Surat,rekha.jain293@example.com,2023-12-19
294,Sunil Kapoor,Pune,sunil.kapoor294@example.com,2023-03-11
295,Rahul Mehta,Surat,rahul.mehta295_new@example.com,2023-02-13
296,Rajesh Mishra,Kanpur,rajesh.mishra296@example.com,2023-03-22
297,Varun Reddy,Ranchi,varun.reddy297@example.com,2023-12-27
298,Isha Bhat,Vadodara,not_provided,2023-12-14
299,Isha Agarwal,Pune,isha.agarwal299@example.com,2023-08-23
300,Suresh Verma,Raipur,suresh.verma300@example.com,2023-06-16
301,Tara Singh,Lucknow,tara.singh301@example.com,2023-06-13
302,Bhavna Reddy,Vadodara,bhavna.reddy302_new@example.com,2023-11-21
303,Sneha Iyer,Kolkata,sneha.iyer303@example.com,2023-04-13
304,Varun Gupta,Ranchi,varun.gupta304@example.com,2023-04-10
305,Sneha Ghosh,Ahmedabad,sneha.ghosh305@example.com,2023-04-14
306,Simran Menon,Mumbai,not_provided,2023-09-16
307,Kunal Menon,Lucknow,kunal.menon307@example.com,2023-06-14
308,Payal Sharma,Kolkata,payal.sharma308@example.com,2023-03-14
309,Preeti Das,Hyderabad,preeti.das309@example.com,2023-02-10
310,Ananya Sharma,Indore,ananya.sharma310@example.com,2023-04-28
311,Ritu Sharma,Hyderabad,ritu.sharma311@example.com,2023-05-11
312,Ananya Desai,Nagpur,ananya.desai312@example.com,2023-09-13
313,Geeta Gupta,Chandigarh,geeta.gupta313@example.com,2023-08-21
314,Lakshmi Bhat,Pune,not_provided,2023-08-26
315,Kavya Kaur,Delhi,kavya.kaur315@example.com,2023-12-26
316,Vivek Singh,Guwahati,vivek.singh316@example.com,2023-01-11
317,Sonia Khanna,Bhopal,sonia.khanna317@example.com,2023-07-13
318,Harsh Chauhan,Surat,harsh.chauhan318@example.com,2023-02-12
319,Ritu Kaur,Bengaluru,ritu.kaur319@example.com,2023-02-14
320,Suresh Kaur,Guwahati,not_provided,2023-10-27
321,Damini Joshi,Bhopal,damini.joshi321@example.com,2023-10-26
322,Anjali Singh,Mumbai,anjali.singh322_new@example.com,2023-10-23
323,Divya Ghosh,Jaipur,divya.ghosh323_new@example.com,2023-02-27
324,Farhan Khanna,Ranchi,farhan.khanna324_new@example.com,2023-07-24
325,Kavya Kapoor,Ahmedabad,kavya.kapoor325@example.com,2023-08-22
326,Isha Desai,Pune,isha.desai326@example.com,2023-06-23
327,Ritu Banerjee,Kolkata,ritu.banerjee327@example.com,2023-06-14
328,Bhavna Patel,Chandigarh,bhavna.patel328@example.com,2023-02-12
329,Karan Gupta,Nagpur,karan.gupta329@example.com,2023-02-21
330,Ananya Pillai,Delhi,ananya.pillai330@example.com,2023-10-27
331,Yash Joshi,Ranchi,yash.joshi331@example.com,2023-02-23
332,Nisha Khanna,Ranchi,nisha.khanna332@example.com,2023-07-11
333,Anjali Kaur,Chennai,anjali.kaur333@example.com,2023-06-13
334,Simran Chopra,Vadodara,simran.chopra334_new@example.com,2023-03-25
335,Kavya Khanna,Pune,kavya.khanna335@example.com,2023-06-27
336,Aakash Nair,Ludhiana,aakash.nair336@example.com,2023-05-28
337,Kavya Ghosh,Nagpur,kavya.ghosh337@example.com,2023-09-27
338,Priya Kaur,Ranchi,priya.kaur338@example.com,2023-12-18
339,Priya Malhotra,Kolkata,priya.malhotra339@example.com,2023-12-19
340,Deepak Reddy,Jaipur,deepak.reddy340@example.com,2023-03-14
341,Simran Banerjee,Bhopal,simran.banerjee341@example.com,2023-02-14
342,Geeta Agarwal,Jaipur,geeta.agarwal342@example.com,2023-02-26
343,Manish Iyer,Nagpur,manish.iyer343@example.com,2023-08-20
344,Neha Reddy,Chennai,neha.reddy344@example.com,2023-12-20
345,Indira Bhat,Visakhapatnam,indira.bhat345@example.com,2023-02-11
346,Arjun Malhotra,Ludhiana,not_provided,2023-10-11
347,Bhavna Gupta,Kolkata,bhavna.gupta347@example.com,2023-08-23
348,Harsh Kaur,Kanpur,harsh.kaur348_new@example.com,2023-07-18
349,Manish Fernandes,Ahmedabad,manish.fernandes349_new@example.com,2023-02-21
350,Nikhil Nair,Chennai,nikhil.nair350@example.com,2023-11-28
351,Harsh Chopra,Nagpur,harsh.chopra351_new@example.com,2023-05-11
352,Kavya Iyer,Kanpur,kavya.iyer352_new@example.com,2023-01-10
353,Manish Mehta,Kochi,not_provided,2023-03-18
354,Anjali Joshi,Pune,anjali.joshi354@example.com,2023-01-25
355,Geeta Kapoor,Hyderabad,geeta.kapoor355@example.com,2023-03-22
356,Preeti Chauhan,Jaipur,preeti.chauhan356_new@example.com,2023-09-27
357,Alok Ghosh,Indore,alok.ghosh357@example.com,2023-02-22
358,Geeta Verma,Nagpur,geeta.verma358@example.com,2023-01-24
359,Vikas Khanna,Ahmedabad,vikas.khanna359@example.com,2023-10-23
360,Simran Iyer,Raipur,simran.iyer360@example.com,2023-11-23
361,Anjali Nair,Bhopal,anjali.nair361@example.com,2023-01-20
362,Neha Ghosh,Chandigarh,neha.ghosh362_new@example.com,2023-08-21
363,Karan Kapoor,Mumbai,karan.kapoor363_new@example.com,2023-04-23
364,Kunal Iyer,Patna,kunal.iyer364@example.com,2023-02-22
365,Vivek Desai,Jaipur,vivek.desai365_new@example.com,2023-04-20
366,Indira Malhotra,Mumbai,indira.malhotra366@example.com,2023-09-13
367,Aditya Chopra,Kochi,aditya.chopra367@example.com,2023-06-21
368,Farhan Jain,Guwahati,not_provided,2023-03-17
369,Divya Rao,Kolkata,divya.rao369@example.com,2023-04-15
370,Payal Rao,Ludhiana,payal.rao370@example.com,2023-11-12
371,Sanjay Fernandes,Guwahati,sanjay.fernandes371_new@example.com,2023-08-24
372,Hemant Bhat,Ludhiana,hemant.bhat372@example.com,2023-10-24
373,Bhavna Patel,Coimbatore,bhavna.patel373@example.com,2023-11-20
374,Rekha Joshi,Jaipur,rekha.joshi374_new@example.com,2023-08-12
375,Sonia Singh,Lucknow,sonia.singh375_new@example.com,2023-05-18
377,Vivek Singh,Surat,vivek.singh377@example.com,2023-01-11
378,Aakash Jain,Chennai,aakash.jain378@example.com,2023-02-12
379,Manoj Kaur,Patna,manoj.kaur379@example.com,2023-07-24
380,Kunal Pillai,Vadodara,kunal.pillai380@example.com,2023-01-24
381,Simran Agarwal,Kanpur,simran.agarwal381_new@example.com,2023-06-25
382,Lakshmi Rao,Chennai,lakshmi.rao382_new@example.com,2023-08-13
383,Deepak Chauhan,Mumbai,deepak.chauhan383@example.com,2023-09-15
384,Rahul Sinha,Raipur,rahul.sinha384@example.com,2023-08-24
386,Aakash Patel,Chennai,aakash.patel386@example.com,2023-07-23
387,Indira Joshi,Surat,indira.joshi387_new@example.com,2023-10-11
388,Rekha Agarwal,Ahmedabad,rekha.agarwal388@example.com,2023-02-20
389,Divya Pillai,Visakhapatnam,divya.pillai389_new@example.com,2023-07-19
390,Meera Desai,Ranchi,meera.desai390@example.com,2023-10-14
391,Deepak Gupta,Chennai,deepak.gupta391_new@example.com,2023-11-14
392,Nisha Mehta,Guwahati,nisha.mehta392_new@example.com,2023-12-22
393,Ananya Kaur,Raipur,not_provided,2023-02-19
394,Yash Iyer,Guwahati,yash.iyer394@example.com,2023-06-14
395,Alok Chauhan,Vadodara,alok.chauhan395@example.com,2023-11-26
396,Karan Agarwal,Ranchi,karan.agarwal396@example.com,2023-07-26
397,Aakash Sharma,Indore,aakash.sharma397@example.com,2023-05-15
398,Manish Joshi,Ludhiana,manish.joshi398@example.com,2023-08-16
399,Kavya Rao,Bengaluru,kavya.rao399@example.com,2023-02-19
400,Divya Chopra,Ludhiana,divya.chopra400@example.com,2023-09-26
401,Rahul Banerjee,Ahmedabad,rahul.banerjee401@example.com,2023-10-14
402,Payal Iyer,Bengaluru,payal.iyer402@example.com,2023-03-15
403,Chetan Fernandes,Visakhapatnam,chetan.fernandes403@example.com,2023-03-24
404,Rahul Kapoor,Delhi,rahul.kapoor404_new@example.com,2023-11-17
405,Tara Kaur,Chennai,tara.kaur405@example.com,2023-12-24
406,Kavya Pillai,Lucknow,kavya.pillai406@example.com,2023-05-25
407,Pooja Reddy,Ranchi,pooja.reddy407@example.com,2023-10-24
408,Varun Fernandes,Guwahati,varun.fernandes408_new@example.com,2023-07-26
409,Aditya Kapoor,Bengaluru,aditya.kapoor409_new@example.com,2023-04-14
410,Meera Verma,Guwahati,meera.verma410@example.com,2023-08-21
411,Yash Patel,Jaipur,yash.patel411_new@example.com,2023-12-26
412,Rohit Mehta,Mumbai,rohit.mehta412@example.com,2023-03-18
413,Tara Mishra,Patna,tara.mishra413@example.com,2023-03-23
415,Priya Kapoor,Delhi,priya.kapoor415@example.com,2023-07-26
416,Aakash Sinha,Bhopal,aakash.sinha416@example.com,2023-02-21
417,Kavya Sharma,Ahmedabad,kavya.sharma417@example.com,2023-02-20
418,Arjun Rao,Delhi,arjun.rao418@example.com,2023-05-25
419,Chetan Jain,Bengaluru,chetan.jain419@example.com,2023-12-25
420,Tara Kaur,Jaipur,tara.kaur420@example.com,2023-02-10
421,Meera Menon,Bengaluru,meera.menon421@example.com,2023-09-26
422,Nikhil Nair,Ludhiana,nikhil.nair422@example.com,2023-05-17
423,Vivek Nair,Patna,vivek.nair423_new@example.com,2023-04-23
424,Rekha Ghosh,Visakhapatnam,rekha.ghosh424@example.com,2023-08-12
425,Rohit Jain,Chandigarh,rohit.jain425@example.com,2023-10-27
426,Priya Agarwal,Patna,priya.agarwal426@example.com,2023-10-17
427,Damini Rao,Chennai,damini.rao427@example.com,2023-07-10
428,Manoj Reddy,Lucknow,manoj.reddy428@example.com,2023-10-23
429,Sanjay Banerjee,Ranchi,sanjay.banerjee429@example.com,2023-02-26
430,Aakash Gupta,Nagpur,aakash.gupta430_new@example.com,2023-09-26
431,Lakshmi Pillai,Jaipur,lakshmi.pillai431@example.com,2023-07-25
432,Rahul Agarwal,Kanpur,rahul.agarwal432_new@example.com,2023-06-18
433,Geeta Sharma,Indore,geeta.sharma433@example.com,2023-02-21
434,Rajesh Desai,Guwahati,rajesh.desai434_new@example.com,2023-11-13
435,Indira Bhat,Chennai,indira.bhat435_new@example.com,2023-06-14
436,Rahul Reddy,Kanpur,rahul.reddy436@example.com,2023-06-15
437,Indira Banerjee,Surat,indira.banerjee437@example.com,2023-12-25
438,Rekha Malhotra,Bengaluru,rekha.malhotra438@example.com,2023-02-24
439,Rahul Mehta,Kochi,rahul.mehta439@example.com,2023-01-16
440,Rahul Joshi,Chennai,rahul.joshi440@example.com,2023-09-22
441,Preeti Bose,Kolkata,preeti.bose441@example.com,2023-01-16
442,Anjali Reddy,Ludhiana,anjali.reddy442@example.com,2023-01-20
443,Suresh Nair,Nagpur,suresh.nair443_new@example.com,2023-07-22
444,Geeta Singh,Bhopal,geeta.singh444@example.com,2023-06-15
445,Harsh Chauhan,Chandigarh,not_provided,2023-06-26
446,Suresh Ghosh,Mumbai,suresh.ghosh446@example.com,2023-12-23
447,Karan Kapoor,Visakhapatnam,karan.kapoor447@example.com,2023-03-27
448,Anjali Joshi,Pune,anjali.joshi448@example.com,2023-02-20
449,Alok Mehta,Chennai,alok.mehta449@example.com,2023-08-23
450,Neha Chauhan,Surat,neha.chauhan450@example.com,2023-06-24
451,Rahul Desai,Indore,rahul.desai451@example.com,2023-10-23
452,Suresh Agarwal,Delhi,suresh.agarwal452@example.com,2023-02-22
453,Aakash Chopra,Vadodara,aakash.chopra453@example.com,2023-11-15
454,Priya Rao,Pune,priya.rao454_new@example.com,2023-11-24
455,Rahul Rao,Mumbai,rahul.rao455@example.com,2023-04-21
456,Aakash Iyer,Coimbatore,aakash.iyer456@example.com,2023-01-14
457,Bhavna Singh,Indore,bhavna.singh457@example.com,2023-06-24
458,Hemant Gupta,Coimbatore,hemant.gupta458@example.com,2023-03-26
459,Aakash Iyer,Ahmedabad,aakash.iyer459@example.com,2023-11-18
460,Rajesh Nair,Jaipur,rajesh.nair460@example.com,2023-12-15
461,Harsh Chopra,Bhopal,harsh.chopra461@example.com,2023-09-13
462,Meera Fernandes,Ludhiana,meera.fernandes462_new@example.com,2023-12-24
463,Manish Kaur,Chennai,manish.kaur463@example.com,2023-12-25
464,Pooja Nair,Bengaluru,pooja.nair464@example.com,2023-02-24
465,Sanjay Mishra,Raipur,sanjay.mishra465@example.com,2023-08-12
466,Bhavna Khanna,Ahmedabad,bhavna.khanna466@example.com,2023-11-21
467,Damini Gupta,Kanpur,not_provided,2023-09-19
468,Vivek Khanna,Hyderabad,vivek.khanna468@example.com,2023-12-15
469,Aakash Chopra,Chandigarh,aakash.chopra469_new@example.com,2023-02-16
470,Ananya Sinha,Kolkata,ananya.sinha470_new@example.com,2023-01-21
471,Yash Bhat,Indore,yash.bhat471@example.com,2023-08-27
472,Ananya Kaur,Jaipur,ananya.kaur472_new@example.com,2023-02-19
473,Gaurav Chauhan,Vadodara,gaurav.chauhan473@example.com,2023-08-26
474,Isha Fernandes,Nagpur,isha.fernandes474@example.com,2023-10-12
475,Ananya Joshi,Guwahati,ananya.joshi475@example.com,2023-02-24
476,Varun Banerjee,Patna,varun.banerjee476@example.com,2023-06-14
477,Indira Pillai,Guwahati,indira.pillai477@example.com,2023-10-15
478,Indira Rao,Nagpur,indira.rao478@example.com,2023-09-11
479,Rohit Chopra,Bengaluru,rohit.chopra479@example.com,2023-05-15
480,Neha Joshi,Raipur,neha.joshi480@example.com,2023-04-21
481,Aditya Mishra,Chennai,aditya.mishra481@example.com,2023-02-18
482,Pooja Agarwal,Kanpur,pooja.agarwal482@example.com,2023-05-14
483,Rekha Mehta,Indore,rekha.mehta483_new@example.com,2023-09-12
484,Lakshmi Agarwal,Hyderabad,lakshmi.agarwal484@example.com,2023-10-28
485,Arjun Malhotra,Indore,arjun.malhotra485_new@example.com,2023-10-20
486,Simran Verma,Jaipur,simran.verma486@example.com,2023-02-11
487,Sunil Fernandes,Coimbatore,sunil.fernandes487@example.com,2023-05-16
488,Indira Bhat,Bhopal,indira.bhat488_new@example.com,2023-10-10
489,Harsh Mishra,Guwahati,harsh.mishra489@example.com,2023-09-19
490,Sunil Mehta,Bengaluru,sunil.mehta490_new@example.com,2023-04-22
491,Vivek Singh,Mumbai,vivek.singh491@example.com,2023-12-11
492,Neha Singh,Nagpur,neha.singh492@example.com,2023-08-24
493,Manish Joshi,Visakhapatnam,manish.joshi493@example.com,2023-03-20
494,Damini Joshi,Visakhapatnam,damini.joshi494_new@example.com,2023-06-22
495,Ananya Fernandes,Indore,ananya.fernandes495@example.com,2023-09-27
496,Divya Joshi,Ahmedabad,divya.joshi496_new@example.com,2023-08-13
497,Suresh Singh,Lucknow,suresh.singh497@example.com,2023-03-13
498,Sneha Mehta,Bhopal,sneha.mehta498@example.com,2023-10-23
499,Rajesh Khanna,Hyderabad,rajesh.khanna499@example.com,2023-06-28
500,Farhan Joshi,Kochi,farhan.joshi500@example.com,2023-03-25
501,Lakshmi Singh,Chandigarh,lakshmi.singh501@example.com,2023-05-25
502,Priya Gupta,Bhopal,not_provided,2023-09-24
503,Rajesh Menon,Ludhiana,rajesh.menon503_new@example.com,2023-06-11
504,Sneha Mehta,Chandigarh,sneha.mehta504@example.com,2023-10-25
505,Anjali Pillai,Vadodara,anjali.pillai505_new@example.com,2023-02-23
506,Ananya Mishra,Kolkata,ananya.mishra506@example.com,2023-12-21
507,Hemant Iyer,Indore,hemant.iyer507@example.com,2023-01-22
508,Sneha Bhat,Kanpur,sneha.bhat508@example.com,2023-04-21
509,Yash Mehta,Mumbai,yash.mehta509@example.com,2023-07-26
510,Tara Fernandes,Kanpur,tara.fernandes510@example.com,2023-05-13
511,Ananya Nair,Kolkata,ananya.nair511_new@example.com,2023-06-20
512,Yash Reddy,Nagpur,yash.reddy512_new@example.com,2023-03-16
513,Payal Chopra,Bhopal,payal.chopra513@example.com,2023-09-11
514,Rahul Verma,Bengaluru,rahul.verma514@example.com,2023-12-20
515,Sonia Chopra,Hyderabad,sonia.chopra515_new@example.com,2023-03-26
516,Ananya Joshi,Kanpur,ananya.joshi516_new@example.com,2023-06-15
518,Deepak Chopra,Patna,deepak.chopra518@example.com,2023-09-25
519,Damini Bhat,Chennai,damini.bhat519@example.com,2023-08-10
520,Aakash Joshi,Ranchi,aakash.joshi520@example.com,2023-02-23
521,Kunal Mehta,Vadodara,kunal.mehta521@example.com,2023-12-10
522,Payal Bose,Kolkata,payal.bose522@example.com,2023-11-28
523,Simran Sinha,Vadodara,simran.sinha523@example.com,2023-01-28
524,Sonia Malhotra,Bengaluru,sonia.malhotra524_new@example.com,2023-11-22
525,Arjun Jain,Ranchi,arjun.jain525@example.com,2023-04-11
526,Simran Chauhan,Kanpur,simran.chauhan526_new@example.com,2023-04-10
527,Tara Joshi,Nagpur,tara.joshi527@example.com,2023-03-23
528,Chetan Menon,Nagpur,chetan.menon528@example.com,2023-09-25
529,Geeta Desai,Ludhiana,geeta.desai529_new@example.com,2023-12-14
530,Aditya Menon,Hyderabad,aditya.menon530_new@example.com,2023-06-25
531,Aditya Iyer,Kolkata,aditya.iyer531_new@example.com,2023-03-24
532,Preeti Joshi,Kanpur,preeti.joshi532@example.com,2023-06-18
533,Manoj Bose,Kochi,not_provided,2023-04-18
534,Yash Mehta,Lucknow,yash.mehta534@example.com,2023-05-19
535,Damini Menon,Raipur,damini.menon535@example.com,2023-12-25
536,Ritu Bose,Indore,ritu.bose536@example.com,2023-09-18
537,Anjali Nair,Coimbatore,not_provided,2023-11-27
538,Shreya Mishra,Bhopal,shreya.mishra538@example.com,2023-06-14
539,Anjali Verma,Chennai,anjali.verma539_new@example.com,2023-12-12
540,Nisha Patel,Surat,nisha.patel540@example.com,2023-11-18
541,Geeta Bose,Kochi,geeta.bose541@example.com,2023-04-27
542,Suresh Patel,Kanpur,suresh.patel542@example.com,2023-12-18
543,Ananya Nair,Visakhapatnam,ananya.nair543@example.com,2023-12-28
544,Rajesh Sinha,Delhi,rajesh.sinha544@example.com,2023-11-26
545,Kavya Agarwal,Lucknow,kavya.agarwal545@example.com,2023-01-13
546,Isha Joshi,Raipur,isha.joshi546@example.com,2023-08-13
547,Bhavna Fernandes,Bengaluru,bhavna.fernandes547@example.com,2023-01-27
548,Neha Kapoor,Guwahati,neha.kapoor548@example.com,2023-08-25
549,Sunil Menon,Vadodara,sunil.menon549_new@example.com,2023-05-20
550,Anjali Agarwal,Delhi,anjali.agarwal550@example.com,2023-02-28
551,Kavya Pillai,Hyderabad,kavya.pillai551_new@example.com,2023-12-11
552,Sanjay Kapoor,Hyderabad,sanjay.kapoor552@example.com,2023-01-22
553,Harsh Malhotra,Vadodara,harsh.malhotra553@example.com,2023-05-11
554,Amit Mehta,Bengaluru,amit.mehta554_new@example.com,2023-10-13
555,Deepak Mehta,Pune,deepak.mehta555_new@example.com,2023-11-27
556,Aditya Bose,Bengaluru,aditya.bose556@example.com,2023-09-24
557,Suresh Menon,Pune,suresh.menon557@example.com,2023-06-15
558,Farhan Singh,Guwahati,farhan.singh558@example.com,2023-05-15
559,Amit Desai,Ahmedabad,amit.desai559@example.com,2023-05-28
560,Bhavna Fernandes,Kochi,bhavna.fernandes560@example.com,2023-03-22
561,Nikhil Chopra,Ahmedabad,nikhil.chopra561@example.com,2023-02-22
562,Alok Nair,Guwahati,alok.nair562_new@example.com,2023-03-25
563,Ritu Patel,Lucknow,ritu.patel563@example.com,2023-01-18
564,Shreya Sinha,Surat,shreya.sinha564@example.com,2023-05-20
565,Vivek Bhat,Vadodara,vivek.bhat565@example.com,2023-10-10
566,Meera Agarwal,Indore,meera.agarwal566@example.com,2023-12-17
567,Sneha Banerjee,Pune,sneha.banerjee567@example.com,2023-08-19
568,Neha Iyer,Visakhapatnam,neha.iyer568_new@example.com,2023-09-19
569,Chetan Nair,Ludhiana,chetan.nair569_new@example.com,2023-05-21
570,Manoj Sinha,Lucknow,manoj.sinha570@example.com,2023-03-25
571,Arjun Singh,Vadodara,arjun.singh571@example.com,2023-10-21
572,Isha Chauhan,Kanpur,isha.chauhan572@example.com,2023-08-27
573,Alok Jain,Kochi,alok.jain573@example.com,2023-04-12
574,Aditya Singh,Patna,aditya.singh574@example.com,2023-12-21
575,Vikas Patel,Coimbatore,vikas.patel575@example.com,2023-02-11
576,Yash Mishra,Patna,yash.mishra576@example.com,2023-04-28
577,Preeti Rao,Vadodara,preeti.rao577_new@example.com,2023-06-26
578,Tara Nair,Ranchi,tara.nair578@example.com,2023-04-28
579,Harsh Gupta,Patna,harsh.gupta579@example.com,2023-08-11
580,Varun Rao,Patna,varun.rao580@example.com,2023-07-24
581,Simran Verma,Kanpur,simran.verma581@example.com,2023-08-19
582,Farhan Sharma,Bhopal,farhan.sharma582@example.com,2023-05-10
583,Geeta Menon,Coimbatore,geeta.menon583@example.com,2023-02-11
584,Nikhil Reddy,Raipur,nikhil.reddy584@example.com,2023-02-27
585,Sneha Patel,Mumbai,sneha.patel585@example.com,2023-08-11
586,Anjali Kapoor,Indore,anjali.kapoor586_new@example.com,2023-03-23
587,Aakash Mishra,Bhopal,aakash.mishra587@example.com,2023-08-22
588,Shreya Gupta,Lucknow,shreya.gupta588_new@example.com,2023-11-27
589,Ananya Agarwal,Kolkata,ananya.agarwal589_new@example.com,2023-02-15
590,Preeti Iyer,Jaipur,preeti.iyer590_new@example.com,2023-03-17
591,Amit Fernandes,Lucknow,amit.fernandes591_new@example.com,2023-05-24
592,Bhavna Desai,Kanpur,bhavna.desai592@example.com,2023-07-27
593,Shreya Jain,Lucknow,shreya.jain593@example.com,2023-04-24
594,Nisha Rao,Kolkata,nisha.rao594@example.com,2023-04-13
595,Rahul Ghosh,Surat,rahul.ghosh595_new@example.com,2023-07-10
596,Rajesh Menon,Mumbai,rajesh.menon596@example.com,2023-02-11
597,Tara Kaur,Ranchi,tara.kaur597@example.com,2023-12-11
598,Rajesh Desai,Delhi,rajesh.desai598@example.com,2023-07-24
599,Kavya Pillai,Kochi,kavya.pillai599@example.com,2023-01-14
600,Lakshmi Mehta,Lucknow,lakshmi.mehta600@example.com,2023-12-28
601,Ritu Bhat,Pune,ritu.bhat601_new@example.com,2023-11-20
602,Rajesh Mehta,Bengaluru,rajesh.mehta602@example.com,2023-11-26
603,Kavya Kapoor,Chennai,not_provided,2023-05-11
605,Yash Bose,Delhi,yash.bose605@example.com,2023-06-22
606,Aditya Joshi,Raipur,aditya.joshi606@example.com,2023-07-23
607,Arjun Mehta,Bhopal,arjun.mehta607@example.com,2023-03-27
608,Sonia Sinha,Lucknow,sonia.sinha608@example.com,2023-05-14
609,Varun Patel,Delhi,varun.patel609@example.com,2023-09-23
610,Isha Pillai,Patna,isha.pillai610@example.com,2023-03-22
611,Rajesh Das,Kochi,not_provided,2023-06-12
612,Tara Khanna,Indore,tara.khanna612@example.com,2023-02-27
613,Farhan Jain,Kochi,farhan.jain613@example.com,2023-01-18
614,Shreya Banerjee,Visakhapatnam,shreya.banerjee614@example.com,2023-10-11
615,Vikas Menon,Ludhiana,vikas.menon615@example.com,2023-10-27
616,Manish Bose,Kochi,manish.bose616@example.com,2023-06-19
617,Amit Menon,Kochi,amit.menon617@example.com,2023-12-13
618,Geeta Fernandes,Chandigarh,geeta.fernandes618@example.com,2023-04-16
619,Gaurav Patel,Lucknow,gaurav.patel619@example.com,2023-09-20
620,Indira Mehta,Bhopal,indira.mehta620@example.com,2023-08-27
621,Sunil Reddy,Chennai,sunil.reddy621@example.com,2023-05-21
622,Lakshmi Mishra,Chandigarh,lakshmi.mishra622@example.com,2023-08-13
623,Farhan Bose,Ludhiana,farhan.bose623@example.com,2023-06-16
624,Aakash Joshi,Nagpur,aakash.joshi624@example.com,2023-01-28
625,Kavya Desai,Bengaluru,kavya.desai625@example.com,2023-01-18
626,Yash Patel,Coimbatore,yash.patel626@example.com,2023-10-23
627,Anjali Rao,Kochi,anjali.rao627@example.com,2023-06-17
628,Shreya Bhat,Coimbatore,shreya.bhat628_new@example.com,2023-08-27
629,Sunil Banerjee,Mumbai,sunil.banerjee629_new@example.com,2023-05-25
630,Farhan Agarwal,Vadodara,farhan.agarwal630@example.com,2023-08-24
631,Neha Desai,Indore,neha.desai631@example.com,2023-03-14
632,Farhan Pillai,Chandigarh,farhan.pillai632@example.com,2023-03-27
633,Sunil Verma,Patna,sunil.verma633@example.com,2023-01-12
634,Alok Verma,Hyderabad,alok.verma634_new@example.com,2023-01-23
635,Ananya Jain,Guwahati,ananya.jain635@example.com,2023-04-12
636,Damini Rao,Delhi,damini.rao636_new@example.com,2023-04-26
637,Varun Reddy,Delhi,varun.reddy637@example.com,2023-10-25
638,Alok Bose,Jaipur,alok.bose638@example.com,2023-01-27
639,Yash Kapoor,Jaipur,yash.kapoor639@example.com,2023-01-26
640,Farhan Das,Kanpur,farhan.das640@example.com,2023-05-10
641,Lakshmi Jain,Raipur,lakshmi.jain641@example.com,2023-11-23
642,Sanjay Nair,Pune,not_provided,2023-09-14
643,Rajesh Menon,Visakhapatnam,rajesh.menon643@example.com,2023-09-18
644,Nisha Das,Bhopal,nisha.das644@example.com,2023-02-21
645,Gaurav Singh,Coimbatore,gaurav.singh645@example.com,2023-04-17
646,Vivek Banerjee,Lucknow,vivek.banerjee646_new@example.com,2023-11-11
647,Karan Iyer,Bhopal,karan.iyer647@example.com,2023-07-27
648,Sonia Verma,Guwahati,sonia.verma648@example.com,2023-01-15
649,Karan Bose,Guwahati,karan.bose649_new@example.com,2023-11-20
650,Simran Khanna,Pune,simran.khanna650@example.com,2023-09-11
651,Kavya Menon,Raipur,kavya.menon651@example.com,2023-10-25
652,Suresh Verma,Mumbai,suresh.verma652@example.com,2023-11-18
653,Preeti Bhat,Ranchi,preeti.bhat653@example.com,2023-01-15
654,Ritu Sharma,Kochi,ritu.sharma654@example.com,2023-10-14
655,Hemant Jain,Raipur,hemant.jain655@example.com,2023-07-12
657,Shreya Banerjee,Kanpur,shreya.banerjee657@example.com,2023-06-22
658,Hemant Desai,Bengaluru,hemant.desai658@example.com,2023-12-12
659,Lakshmi Desai,Indore,lakshmi.desai659@example.com,2023-01-13
660,Nikhil Sinha,Mumbai,nikhil.sinha660@example.com,2023-06-22
661,Indira Joshi,Jaipur,indira.joshi661@example.com,2023-11-18
662,Tara Bose,Lucknow,tara.bose662@example.com,2023-06-27
663,Shreya Kapoor,Hyderabad,shreya.kapoor663@example.com,2023-11-28
664,Alok Iyer,Mumbai,alok.iyer664@example.com,2023-10-19
665,Rajesh Chauhan,Mumbai,rajesh.chauhan665@example.com,2023-02-18
666,Arjun Iyer,Raipur,arjun.iyer666@example.com,2023-11-14
668,Karan Sharma,Chennai,karan.sharma668@example.com,2023-08-21
669,Hemant Das,Pune,hemant.das669@example.com,2023-03-12
670,Sanjay Kapoor,Surat,sanjay.kapoor670@example.com,2023-09-27
671,Lakshmi Kapoor,Pune,lakshmi.kapoor671@example.com,2023-01-12
672,Nisha Pillai,Mumbai,nisha.pillai672@example.com,2023-10-20
673,Shreya Sharma,Chennai,shreya.sharma673@example.com,2023-07-22
674,Indira Gupta,Vadodara,indira.gupta674@example.com,2023-09-17
675,Simran Chopra,Hyderabad,simran.chopra675@example.com,2023-11-22
676,Neha Rao,Kolkata,neha.rao676@example.com,2023-05-18
677,Harsh Rao,Mumbai,harsh.rao677@example.com,2023-03-23
678,Suresh Kapoor,Chennai,suresh.kapoor678@example.com,2023-08-12
679,Aakash Das,Lucknow,aakash.das679@example.com,2023-12-25
680,Payal Kaur,Raipur,payal.kaur680_new@example.com,2023-08-13
681,Ananya Mehta,Jaipur,ananya.mehta681@example.com,2023-07-20
682,Manoj Iyer,Ahmedabad,manoj.iyer682@example.com,2023-08-20
683,Nikhil Jain,Guwahati,nikhil.jain683@example.com,2023-10-14
684,Vivek Joshi,Visakhapatnam,vivek.joshi684@example.com,2023-12-16
685,Sonia Joshi,Hyderabad,sonia.joshi685@example.com,2023-07-20
686,Anjali Desai,Raipur,anjali.desai686@example.com,2023-11-25
687,Simran Ghosh,Lucknow,simran.ghosh687@example.com,2023-06-22
688,Suresh Jain,Bhopal,suresh.jain688@example.com,2023-06-13
689,Simran Menon,Coimbatore,simran.menon689@example.com,2023-09-15
690,Bhavna Fernandes,Hyderabad,bhavna.fernandes690_new@example.com,2023-01-24
691,Damini Menon,Hyderabad,damini.menon691_new@example.com,2023-05-12
692,Isha Banerjee,Chandigarh,isha.banerjee692@example.com,2023-03-19
693,Rajesh Das,Vadodara,rajesh.das693_new@example.com,2023-03-23
694,Shreya Gupta,Ludhiana,shreya.gupta694_new@example.com,2023-10-25
695,Kunal Iyer,Kanpur,kunal.iyer695@example.com,2023-09-23
696,Preeti Verma,Indore,preeti.verma696@example.com,2023-12-27
697,Payal Agarwal,Mumbai,payal.agarwal697@example.com,2023-02-17
698,Alok Banerjee,Indore,alok.banerjee698_new@example.com,2023-03-11
699,Simran Agarwal,Ranchi,simran.agarwal699@example.com,2023-11-22
700,Hemant Joshi,Chennai,hemant.joshi700_new@example.com,2023-02-10
701,Divya Das,Lucknow,divya.das701@example.com,2023-09-26
702,Yash Bhat,Raipur,yash.bhat702@example.com,2023-10-17
703,Tara Reddy,Ranchi,tara.reddy703_new@example.com,2023-08-28
704,Chetan Chopra,Bengaluru,not_provided,2023-06-10
705,Sonia Nair,Chennai,sonia.nair705@example.com,2023-07-12
706,Rohit Jain,Bengaluru,rohit.jain706_new@example.com,2023-03-21
707,Vivek Joshi,Surat,vivek.joshi707@example.com,2023-04-26
708,Sonia Reddy,Chandigarh,sonia.reddy708@example.com,2023-02-24
709,Farhan Chauhan,Surat,farhan.chauhan709@example.com,2023-06-12
710,Vivek Verma,Raipur,vivek.verma710@example.com,2023-02-10
711,Deepak Agarwal,Guwahati,deepak.agarwal711_new@example.com,2023-11-15
712,Geeta Sinha,Patna,geeta.sinha712@example.com,2023-03-27
713,Neha Joshi,Kanpur,neha.joshi713@example.com,2023-07-24
714,Kavya Ghosh,Bhopal,kavya.ghosh714@example.com,2023-11-15
715,Sanjay Agarwal,Ranchi,sanjay.agarwal715@example.com,2023-07-22
716,Priya Desai,Kanpur,priya.desai716_new@example.com,2023-04-24
717,Kunal Kapoor,Bhopal,kunal.kapoor717@example.com,2023-01-16
718,Manish Das,Mumbai,manish.das718_new@example.com,2023-12-12
719,Simran Nair,Chennai,simran.nair719_new@example.com,2023-03-21
720,Ritu Menon,Surat,ritu.menon720@example.com,2023-02-18
721,Alok Khanna,Chandigarh,alok.khanna721@example.com,2023-09-20
722,Payal Iyer,Visakhapatnam,payal.iyer722@example.com,2023-07-28
723,Rohit Reddy,Indore,rohit.reddy723@example.com,2023-08-15
724,Bhavna Chauhan,Chennai,bhavna.chauhan724@example.com,2023-10-28
725,Karan Banerjee,Bengaluru,karan.banerjee725@example.com,2023-06-13
726,Rajesh Mehta,Pune,rajesh.mehta726@example.com,2023-03-21
727,Chetan Rao,Patna,chetan.rao727@example.com,2023-07-23
728,Payal Rao,Coimbatore,payal.rao728@example.com,2023-07-23
730,Yash Malhotra,Chandigarh,yash.malhotra730@example.com,2023-05-14
731,Sanjay Joshi,Surat,sanjay.joshi731@example.com,2023-10-11
732,Nisha Sharma,Chandigarh,nisha.sharma732@example.com,2023-03-16
733,Shreya Pillai,Patna,shreya.pillai733@example.com,2023-11-25
734,Isha Banerjee,Chandigarh,isha.banerjee734@example.com,2023-07-24
735,Harsh Malhotra,Mumbai,harsh.malhotra735@example.com,2023-10-10
736,Hemant Sinha,Chennai,hemant.sinha736@example.com,2023-01-18
737,Kavya Pillai,Chennai,kavya.pillai737@example.com,2023-03-24
738,Simran Desai,Ludhiana,simran.desai738@example.com,2023-08-27
739,Lakshmi Nair,Chandigarh,lakshmi.nair739_new@example.com,2023-02-18
740,Indira Pillai,Indore,indira.pillai740@example.com,2023-09-11
741,Hemant Desai,Surat,hemant.desai741@example.com,2023-09-16
742,Nikhil Nair,Vadodara,nikhil.nair742@example.com,2023-11-17
743,Vivek Khanna,Delhi,vivek.khanna743@example.com,2023-08-18
744,Nisha Khanna,Mumbai,nisha.khanna744@example.com,2023-08-13
746,Chetan Reddy,Raipur,not_provided,2023-10-23
747,Neha Kaur,Bengaluru,neha.kaur747@example.com,2023-04-16
748,Sneha Bhat,Indore,sneha.bhat748@example.com,2023-09-18
749,Payal Pillai,Hyderabad,payal.pillai749@example.com,2023-06-19
750,Anjali Bhat,Kolkata,anjali.bhat750@example.com,2023-09-13
751,Ananya Fernandes,Nagpur,ananya.fernandes751@example.com,2023-01-18
753,Arjun Chauhan,Ahmedabad,arjun.chauhan753@example.com,2023-04-22
754,Harsh Rao,Kolkata,harsh.rao754_new@example.com,2023-11-18
755,Rekha Kapoor,Visakhapatnam,rekha.kapoor755_new@example.com,2023-08-12
756,Rekha Ghosh,Ludhiana,rekha.ghosh756@example.com,2023-02-22
757,Lakshmi Desai,Jaipur,lakshmi.desai757_new@example.com,2023-12-21
758,Varun Bose,Ahmedabad,varun.bose758@example.com,2023-10-10
759,Indira Khanna,Vadodara,indira.khanna759@example.com,2023-02-24
760,Rekha Banerjee,Raipur,rekha.banerjee760@example.com,2023-06-12
761,Preeti Iyer,Kochi,preeti.iyer761@example.com,2023-07-16
762,Harsh Das,Ahmedabad,harsh.das762@example.com,2023-05-20
763,Yash Bhat,Bengaluru,yash.bhat763@example.com,2023-10-25
764,Deepak Mishra,Ranchi,deepak.mishra764@example.com,2023-01-11
765,Divya Agarwal,Guwahati,divya.agarwal765_new@example.com,2023-01-13
766,Neha Singh,Surat,neha.singh766@example.com,2023-01-23
767,Pooja Chauhan,Guwahati,pooja.chauhan767_new@example.com,2023-11-19
768,Neha Khanna,Kolkata,neha.khanna768@example.com,2023-02-21
769,Meera Gupta,Chennai,meera.gupta769_new@example.com,2023-11-15
770,Sneha Iyer,Guwahati,sneha.iyer770@example.com,2023-05-17
771,Nikhil Agarwal,Bengaluru,nikhil.agarwal771_new@example.com,2023-12-13
772,Amit Menon,Chandigarh,amit.menon772@example.com,2023-02-14
773,Kunal Sinha,Patna,kunal.sinha773@example.com,2023-11-24
774,Amit Sharma,Raipur,amit.sharma774@example.com,2023-06-13
775,Nikhil Chauhan,Bengaluru,nikhil.chauhan775@example.com,2023-08-12
776,Kavya Iyer,Indore,kavya.iyer776_new@example.com,2023-12-13
777,Divya Joshi,Indore,divya.joshi777@example.com,2023-05-14
778,Shreya Fernandes,Ludhiana,shreya.fernandes778@example.com,2023-03-14
779,Vikas Chopra,Coimbatore,vikas.chopra779@example.com,2023-01-15
780,Tara Reddy,Vadodara,tara.reddy780@example.com,2023-04-14
781,Isha Kaur,Ranchi,isha.kaur781@example.com,2023-08-16
782,Karan Mishra,Pune,karan.mishra782@example.com,2023-03-13
783,Kunal Desai,Hyderabad,kunal.desai783_new@example.com,2023-06-23
784,Ritu Ghosh,Bengaluru,ritu.ghosh784@example.com,2023-04-18
785,Sunil Gupta,Lucknow,sunil.gupta785@example.com,2023-09-19
786,Indira Chauhan,Jaipur,indira.chauhan786@example.com,2023-11-19
787,Manish Chopra,Visakhapatnam,manish.chopra787@example.com,2023-09-16
788,Geeta Iyer,Chennai,geeta.iyer788@example.com,2023-11-11
789,Rajesh Bose,Kolkata,rajesh.bose789_new@example.com,2023-02-17
790,Harsh Agarwal,Visakhapatnam,harsh.agarwal790@example.com,2023-02-26
791,Amit Reddy,Ahmedabad,amit.reddy791@example.com,2023-03-22
792,Simran Kapoor,Indore,simran.kapoor792@example.com,2023-09-15
793,Hemant Bose,Ludhiana,hemant.bose793@example.com,2023-02-10
794,Kunal Gupta,Jaipur,kunal.gupta794@example.com,2023-05-16
795,Rahul Patel,Kanpur,rahul.patel795_new@example.com,2023-07-26
796,Anjali Agarwal,Raipur,anjali.agarwal796@example.com,2023-09-23
797,Nikhil Chauhan,Bhopal,nikhil.chauhan797@example.com,2023-02-27
798,Preeti Kaur,Vadodara,preeti.kaur798_new@example.com,2023-05-12
799,Vivek Gupta,Patna,vivek.gupta799@example.com,2023-04-14
800,Preeti Joshi,Bhopal,preeti.joshi800@example.com,2023-10-12
801,Vivek Chauhan,Nagpur,vivek.chauhan801@example.com,2023-12-17
802,Sneha Sinha,Mumbai,sneha.sinha802@example.com,2023-07-13
803,Varun Kaur,Visakhapatnam,varun.kaur803@example.com,2023-01-19
804,Alok Desai,Ranchi,alok.desai804@example.com,2023-12-15
805,Rohit Sharma,Raipur,rohit.sharma805@example.com,2023-03-10
806,Neha Bose,Indore,neha.bose806@example.com,2023-09-26
807,Farhan Das,Hyderabad,farhan.das807@example.com,2023-06-14
808,Geeta Fernandes,Kanpur,geeta.fernandes808_new@example.com,2023-12-13
809,Indira Mishra,Jaipur,indira.mishra809@example.com,2023-06-23
810,Suresh Chopra,Mumbai,suresh.chopra810@example.com,2023-05-28
811,Rekha Gupta,Chandigarh,rekha.gupta811@example.com,2023-08-26
813,Aakash Malhotra,Kochi,aakash.malhotra813_new@example.com,2023-02-28
814,Bhavna Desai,Pune,bhavna.desai814@example.com,2023-04-26
815,Amit Verma,Jaipur,amit.verma815@example.com,2023-04-11
816,Sonia Reddy,Bhopal,sonia.reddy816@example.com,2023-03-15
817,Rahul Pillai,Raipur,rahul.pillai817@example.com,2023-12-23
818,Kavya Joshi,Lucknow,kavya.joshi818@example.com,2023-07-20
819,Suresh Jain,Surat,suresh.jain819_new@example.com,2023-10-21
820,Rohit Chopra,Ahmedabad,rohit.chopra820_new@example.com,2023-01-15
821,Kavya Ghosh,Patna,kavya.ghosh821@example.com,2023-01-22
822,Vikas Mishra,Surat,vikas.mishra822@example.com,2023-05-19
823,Ritu Gupta,Kolkata,ritu.gupta823_new@example.com,2023-08-10
824,Aakash Menon,Chennai,aakash.menon824@example.com,2023-10-19
825,Geeta Kaur,Lucknow,geeta.kaur825@example.com,2023-08-21
826,Kunal Bose,Ludhiana,kunal.bose826@example.com,2023-04-27
827,Hemant Ghosh,Lucknow,hemant.ghosh827@example.com,2023-03-10
828,Isha Sharma,Lucknow,isha.sharma828@example.com,2023-09-21
829,Rekha Jain,Raipur,rekha.jain829@example.com,2023-01-20
830,Amit Fernandes,Ranchi,amit.fernandes830@example.com,2023-07-19
831,Divya Menon,Patna,divya.menon831@example.com,2023-04-23
833,Karan Verma,Delhi,karan.verma833_new@example.com,2023-09-23
834,Chetan Mishra,Indore,chetan.mishra834@example.com,2023-08-12
835,Kunal Nair,Patna,kunal.nair835@example.com,2023-03-22
836,Vikas Bhat,Coimbatore,vikas.bhat836@example.com,2023-01-23
837,Alok Rao,Lucknow,alok.rao837@example.com,2023-05-18
838,Ritu Patel,Bhopal,ritu.patel838@example.com,2023-12-20
839,Ritu Singh,Kolkata,ritu.singh839@example.com,2023-04-12
840,Pooja Rao,Ludhiana,pooja.rao840@example.com,2023-10-13
841,Arjun Nair,Ahmedabad,arjun.nair841_new@example.com,2023-08-24
842,Ritu Kapoor,Pune,ritu.kapoor842@example.com,2023-09-21
843,Indira Menon,Surat,indira.menon843@example.com,2023-05-24
844,Meera Khanna,Pune,not_provided,2023-02-15
845,Bhavna Mehta,Raipur,bhavna.mehta845@example.com,2023-12-11
846,Manish Jain,Ahmedabad,manish.jain846@example.com,2023-03-12
847,Damini Sinha,Indore,damini.sinha847@example.com,2023-07-26
848,Sneha Banerjee,Chandigarh,sneha.banerjee848_new@example.com,2023-05-15
849,Priya Iyer,Surat,priya.iyer849@example.com,2023-09-27
850,Rajesh Nair,Surat,rajesh.nair850@example.com,2023-02-14
851,Rohit Sharma,Delhi,rohit.sharma851@example.com,2023-04-14
852,Pooja Jain,Bhopal,pooja.jain852@example.com,2023-06-12
853,Kunal Bhat,Bhopal,kunal.bhat853_new@example.com,2023-02-10
854,Vikas Menon,Indore,vikas.menon854_new@example.com,2023-08-14
855,Karan Mishra,Surat,karan.mishra855_new@example.com,2023-02-11
856,Varun Verma,Hyderabad,varun.verma856@example.com,2023-10-23
857,Farhan Iyer,Hyderabad,farhan.iyer857_new@example.com,2023-01-22
858,Bhavna Kapoor,Hyderabad,bhavna.kapoor858@example.com,2023-06-16
859,Sanjay Das,Kolkata,sanjay.das859@example.com,2023-08-14
860,Rahul Kaur,Visakhapatnam,rahul.kaur860@example.com,2023-10-17
861,Sunil Mehta,Chandigarh,sunil.mehta861@example.com,2023-07-27
862,Sonia Verma,Mumbai,sonia.verma862@example.com,2023-05-22
863,Ananya Kapoor,Kochi,ananya.kapoor863@example.com,2023-11-26
864,Rajesh Agarwal,Kanpur,rajesh.agarwal864@example.com,2023-01-22
865,Damini Reddy,Chandigarh,damini.reddy865@example.com,2023-09-25
866,Nisha Patel,Coimbatore,nisha.patel866@example.com,2023-09-20
867,Shreya Das,Raipur,shreya.das867_new@example.com,2023-01-20
868,Payal Sinha,Jaipur,payal.sinha868@example.com,2023-05-11
869,Sonia Chopra,Mumbai,sonia.chopra869_new@example.com,2023-10-17
870,Neha Nair,Lucknow,neha.nair870@example.com,2023-11-17
871,Suresh Pillai,Vadodara,suresh.pillai871@example.com,2023-01-17
872,Simran Khanna,Bhopal,simran.khanna872@example.com,2023-06-15
873,Sanjay Sinha,Coimbatore,sanjay.sinha873@example.com,2023-06-21
874,Kunal Sharma,Raipur,kunal.sharma874@example.com,2023-12-21
875,Simran Bhat,Bengaluru,simran.bhat875@example.com,2023-10-16
876,Harsh Pillai,Chennai,harsh.pillai876@example.com,2023-03-25
877,Rahul Gupta,Delhi,rahul.gupta877@example.com,2023-04-17
878,Priya Chopra,Bhopal,priya.chopra878_new@example.com,2023-01-20
879,Manoj Menon,Bengaluru,manoj.menon879@example.com,2023-06-15
880,Ritu Verma,Jaipur,ritu.verma880@example.com,2023-03-28
881,Damini Patel,Bengaluru,damini.patel881@example.com,2023-02-26
882,Aakash Gupta,Indore,aakash.gupta882@example.com,2023-12-22
883,Kunal Nair,Indore,kunal.nair883_new@example.com,2023-05-20
884,Ananya Malhotra,Vadodara,ananya.malhotra884@example.com,2023-07-25
885,Sunil Joshi,Hyderabad,sunil.joshi885@example.com,2023-12-27
886,Chetan Mishra,Visakhapatnam,chetan.mishra886@example.com,2023-06-17
887,Alok Bhat,Hyderabad,alok.bhat887@example.com,2023-07-19
888,Farhan Chauhan,Chennai,farhan.chauhan888@example.com,2023-03-15
889,Farhan Sharma,Raipur,farhan.sharma889@example.com,2023-10-22
890,Indira Bhat,Delhi,indira.bhat890@example.com,2023-03-20
891,Manoj Sinha,Guwahati,manoj.sinha891@example.com,2023-10-13
892,Harsh Rao,Ahmedabad,harsh.rao892@example.com,2023-12-12
893,Rajesh Reddy,Ahmedabad,rajesh.reddy893@example.com,2023-03-12
894,Damini Banerjee,Ludhiana,damini.banerjee894_new@example.com,2023-12-20
895,Tara Sharma,Kolkata,tara.sharma895@example.com,2023-04-17
896,Chetan Gupta,Indore,chetan.gupta896@example.com,2023-05-13
897,Farhan Sharma,Delhi,farhan.sharma897@example.com,2023-07-24
898,Gaurav Nair,Raipur,gaurav.nair898_new@example.com,2023-07-25
899,Shreya Reddy,Visakhapatnam,shreya.reddy899_new@example.com,2023-07-13
900,Sonia Ghosh,Coimbatore,sonia.ghosh900@example.com,2023-11-17
901,Neha Singh,Mumbai,neha.singh901@example.com,2023-01-19
902,Priya Joshi,Ludhiana,priya.joshi902_new@example.com,2023-02-12
903,Deepak Malhotra,Bhopal,deepak.malhotra903@example.com,2023-03-12
904,Yash Mishra,Mumbai,yash.mishra904@example.com,2023-06-25
905,Damini Sharma,Nagpur,damini.sharma905@example.com,2023-11-15
906,Payal Mishra,Nagpur,payal.mishra906@example.com,2023-03-11
907,Divya Joshi,Kochi,divya.joshi907@example.com,2023-04-23
908,Chetan Pillai,Vadodara,chetan.pillai908@example.com,2023-12-27
909,Meera Banerjee,Chennai,meera.banerjee909@example.com,2023-05-17
910,Divya Verma,Bhopal,not_provided,2023-10-27
911,Harsh Rao,Delhi,harsh.rao911@example.com,2023-06-10
912,Nikhil Gupta,Chennai,nikhil.gupta912@example.com,2023-11-25
913,Pooja Nair,Jaipur,pooja.nair913@example.com,2023-04-15
914,Rekha Mehta,Mumbai,rekha.mehta914@example.com,2023-08-13
915,Vivek Ghosh,Bhopal,vivek.ghosh915@example.com,2023-08-25
916,Alok Das,Ahmedabad,alok.das916_new@example.com,2023-11-27
917,Shreya Malhotra,Indore,shreya.malhotra917@example.com,2023-07-21
918,Sanjay Singh,Delhi,sanjay.singh918@example.com,2023-05-24
919,Varun Das,Nagpur,varun.das919_new@example.com,2023-05-28
920,Sneha Rao,Ludhiana,sneha.rao920@example.com,2023-12-13
921,Karan Banerjee,Indore,karan.banerjee921@example.com,2023-09-23
922,Hemant Bhat,Lucknow,hemant.bhat922@example.com,2023-09-11
923,Shreya Jain,Patna,shreya.jain923@example.com,2023-07-27
924,Bhavna Khanna,Chandigarh,not_provided,2023-10-17
925,Sonia Mehta,Surat,sonia.mehta925_new@example.com,2023-07-11
926,Lakshmi Bhat,Patna,lakshmi.bhat926@example.com,2023-10-14
927,Rohit Fernandes,Surat,rohit.fernandes927@example.com,2023-03-15
928,Manish Ghosh,Kochi,manish.ghosh928@example.com,2023-03-11
929,Karan Nair,Kolkata,karan.nair929_new@example.com,2023-07-16
930,Rekha Rao,Chennai,rekha.rao930_new@example.com,2023-05-20
931,Farhan Patel,Mumbai,farhan.patel931@example.com,2023-02-22
932,Yash Iyer,Chandigarh,yash.iyer932_new@example.com,2023-06-18
933,Aditya Singh,Jaipur,aditya.singh933@example.com,2023-12-28
934,Aditya Ghosh,Nagpur,aditya.ghosh934@example.com,2023-02-23
935,Arjun Rao,Coimbatore,arjun.rao935@example.com,2023-10-28
936,Hemant Nair,Pune,hemant.nair936@example.com,2023-10-13
937,Anjali Khanna,Kanpur,anjali.khanna937@example.com,2023-06-23
938,Meera Iyer,Guwahati,meera.iyer938@example.com,2023-08-28
939,Payal Bose,Delhi,payal.bose939@example.com,2023-03-18
940,Gaurav Rao,Visakhapatnam,gaurav.rao940@example.com,2023-10-22
942,Sneha Desai,Chandigarh,sneha.desai942@example.com,2023-05-21
943,Priya Joshi,Chennai,priya.joshi943@example.com,2023-05-18
944,Harsh Khanna,Raipur,harsh.khanna944@example.com,2023-11-13
945,Kavya Rao,Chennai,kavya.rao945@example.com,2023-12-24
946,Indira Jain,Ahmedabad,indira.jain946@example.com,2023-05-23
947,Payal Agarwal,Mumbai,payal.agarwal947@example.com,2023-04-24
948,Manish Patel,Guwahati,manish.patel948_new@example.com,2023-12-25
949,Hemant Chopra,Indore,hemant.chopra949@example.com,2023-01-26
950,Neha Gupta,Kolkata,neha.gupta950_new@example.com,2023-12-26
951,Gaurav Rao,Kochi,gaurav.rao951_new@example.com,2023-09-28
952,Priya Malhotra,Kochi,priya.malhotra952@example.com,2023-04-11
953,Rajesh Verma,Surat,rajesh.verma953@example.com,2023-01-21
954,Damini Menon,Kolkata,damini.menon954@example.com,2023-06-24
955,Lakshmi Iyer,Guwahati,lakshmi.iyer955@example.com,2023-02-10
956,Rajesh Reddy,Surat,rajesh.reddy956_new@example.com,2023-10-24
957,Sanjay Khanna,Chandigarh,sanjay.khanna957@example.com,2023-10-27
958,Nisha Reddy,Hyderabad,nisha.reddy958@example.com,2023-05-12
959,Anjali Sharma,Bhopal,anjali.sharma959@example.com,2023-01-15
960,Simran Fernandes,Kochi,simran.fernandes960@example.com,2023-04-17
961,Bhavna Menon,Kolkata,bhavna.menon961@example.com,2023-11-23
962,Lakshmi Sharma,Ludhiana,lakshmi.sharma962@example.com,2023-11-10
963,Sonia Patel,Bengaluru,sonia.patel963@example.com,2023-11-15
964,Payal Ghosh,Jaipur,payal.ghosh964@example.com,2023-04-18
965,Payal Ghosh,Chennai,payal.ghosh965@example.com,2023-12-18
966,Nikhil Mishra,Bhopal,nikhil.mishra966@example.com,2023-06-24
967,Meera Menon,Surat,meera.menon967@example.com,2023-05-26
968,Manoj Iyer,Chandigarh,manoj.iyer968_new@example.com,2023-02-10
969,Lakshmi Banerjee,Indore,lakshmi.banerjee969@example.com,2023-09-19
970,Vivek Banerjee,Chandigarh,vivek.banerjee970_new@example.com,2023-08-12
972,Meera Agarwal,Raipur,not_provided,2023-11-19
973,Pooja Rao,Kanpur,pooja.rao973_new@example.com,2023-04-11
974,Payal Iyer,Ranchi,payal.iyer974@example.com,2023-06-14
975,Farhan Sharma,Guwahati,farhan.sharma975@example.com,2023-08-19
976,Meera Patel,Indore,meera.patel976_new@example.com,2023-07-22
977,Geeta Verma,Coimbatore,geeta.verma977@example.com,2023-12-28
978,Pooja Joshi,Vadodara,pooja.joshi978@example.com,2023-12-17
979,Bhavna Pillai,Guwahati,bhavna.pillai979@example.com,2023-08-21
980,Lakshmi Mehta,Coimbatore,lakshmi.mehta980_new@example.com,2023-11-27
981,Sanjay Mehta,Pune,sanjay.mehta981@example.com,2023-08-14
982,Geeta Das,Vadodara,geeta.das982@example.com,2023-09-15
983,Bhavna Mishra,Ahmedabad,bhavna.mishra983@example.com,2023-11-12
984,Kavya Reddy,Lucknow,kavya.reddy984@example.com,2023-12-19
985,Isha Ghosh,Ahmedabad,isha.ghosh985@example.com,2023-06-18
986,Kunal Mehta,Surat,kunal.mehta986@example.com,2023-02-25
987,Sneha Khanna,Bhopal,sneha.khanna987_new@example.com,2023-10-28
988,Manoj Gupta,Chandigarh,manoj.gupta988@example.com,2023-04-26
989,Rohit Khanna,Ranchi,rohit.khanna989@example.com,2023-07-26
990,Vivek Kapoor,Delhi,vivek.kapoor990@example.com,2023-03-14
991,Pooja Joshi,Nagpur,pooja.joshi991@example.com,2023-10-24
992,Arjun Joshi,Raipur,arjun.joshi992@example.com,2023-03-12
993,Harsh Joshi,Guwahati,harsh.joshi993@example.com,2023-03-20
994,Rekha Verma,Jaipur,rekha.verma994@example.com,2023-08-18
995,Manish Fernandes,Ludhiana,manish.fernandes995@example.com,2023-03-28
996,Hemant Malhotra,Kochi,hemant.malhotra996_new@example.com,2023-02-14
997,Manoj Kapoor,Patna,manoj.kapoor997_new@example.com,2023-07-22
998,Nikhil Bose,Bhopal,nikhil.bose998@example.com,2023-01-11
999,Preeti Menon,Vadodara,preeti.menon999@example.com,2023-06-10
1000,Ritu Fernandes,Patna,ritu.fernandes1000@example.com,2023-04-10
1001,Damini Desai,Guwahati,damini.desai1001@example.com,2023-07-22
1002,Kavya Das,Mumbai,kavya.das1002@example.com,2023-07-17
1003,Aditya Fernandes,Visakhapatnam,aditya.fernandes1003@example.com,2023-12-18
1004,Anjali Agarwal,Vadodara,anjali.agarwal1004@example.com,2023-09-18
1005,Isha Menon,Mumbai,isha.menon1005@example.com,2023-03-14
1006,Anjali Nair,Guwahati,anjali.nair1006@example.com,2023-08-24
1007,Suresh Chauhan,Visakhapatnam,suresh.chauhan1007@example.com,2023-08-16
1008,Ritu Sharma,Bengaluru,ritu.sharma1008@example.com,2023-01-27
1009,Priya Malhotra,Pune,priya.malhotra1009@example.com,2023-05-18
1010,Ananya Chauhan,Surat,ananya.chauhan1010@example.com,2023-12-10
1011,Kavya Gupta,Bengaluru,kavya.gupta1011@example.com,2023-01-25
1012,Manish Joshi,Nagpur,manish.joshi1012@example.com,2023-05-25
1013,Aakash Singh,Raipur,aakash.singh1013@example.com,2023-01-20
1014,Karan Jain,Ludhiana,karan.jain1014@example.com,2023-03-11
1015,Suresh Fernandes,Bhopal,suresh.fernandes1015@example.com,2023-02-27
1016,Sonia Malhotra,Kochi,sonia.malhotra1016@example.com,2023-05-22
1017,Amit Nair,Ludhiana,amit.nair1017@example.com,2023-12-17
1018,Shreya Fernandes,Surat,shreya.fernandes1018@example.com,2023-04-11
1019,Pooja Singh,Vadodara,pooja.singh1019@example.com,2023-02-26
1020,Alok Menon,Chandigarh,alok.menon1020@example.com,2023-07-19
1021,Ritu Malhotra,Guwahati,ritu.malhotra1021@example.com,2023-12-11
1022,Geeta Patel,Kanpur,geeta.patel1022@example.com,2023-09-13
1023,Meera Bose,Guwahati,meera.bose1023@example.com,2023-05-16
1024,Aakash Mishra,Delhi,aakash.mishra1024@example.com,2023-11-16
1025,Rohit Sinha,Guwahati,rohit.sinha1025@example.com,2023-07-20
1026,Amit Malhotra,Kolkata,amit.malhotra1026@example.com,2023-10-13
1027,Gaurav Ghosh,Lucknow,gaurav.ghosh1027@example.com,2023-01-11
1028,Kunal Ghosh,Raipur,kunal.ghosh1028@example.com,2023-08-14
1029,Aakash Fernandes,Mumbai,aakash.fernandes1029@example.com,2023-04-15
1030,Harsh Gupta,Ranchi,harsh.gupta1030@example.com,2023-10-20
1031,Hemant Agarwal,Delhi,hemant.agarwal1031@example.com,2023-01-21
1032,Sunil Rao,Raipur,sunil.rao1032@example.com,2023-09-13
1033,Ananya Bose,Lucknow,ananya.bose1033@example.com,2023-06-27
1034,Sunil Fernandes,Indore,sunil.fernandes1034@example.com,2023-08-16
1035,Priya Chauhan,Bhopal,priya.chauhan1035@example.com,2023-06-14
1036,Meera Mishra,Delhi,meera.mishra1036@example.com,2023-08-24
1037,Yash Mehta,Kanpur,yash.mehta1037@example.com,2023-12-25
1038,Pooja Bhat,Hyderabad,pooja.bhat1038@example.com,2023-09-21
1039,Ritu Desai,Surat,ritu.desai1039@example.com,2023-05-27
1040,Neha Gupta,Patna,neha.gupta1040@example.com,2023-03-24
1041,Anjali Jain,Kolkata,anjali.jain1041@example.com,2023-09-21
1042,Varun Sharma,Ludhiana,varun.sharma1042@example.com,2023-11-26
1043,Shreya Desai,Hyderabad,shreya.desai1043@example.com,2023-01-21
1044,Indira Kaur,Lucknow,indira.kaur1044@example.com,2023-06-12
1045,Alok Pillai,Bhopal,alok.pillai1045@example.com,2023-04-26
1046,Bhavna Bose,Ludhiana,bhavna.bose1046@example.com,2023-09-14
1047,Manoj Mehta,Ahmedabad,manoj.mehta1047@example.com,2023-07-20
1048,Rohit Nair,Patna,rohit.nair1048@example.com,2023-11-12
1049,Rahul Jain,Bengaluru,rahul.jain1049@example.com,2023-03-11
1050,Pooja Nair,Chandigarh,pooja.nair1050@example.com,2023-04-13
1051,Rahul Bhat,Guwahati,rahul.bhat1051@example.com,2023-07-25
1052,Aditya Kaur,Raipur,aditya.kaur1052@example.com,2023-10-18
1053,Sneha Reddy,Lucknow,sneha.reddy1053@example.com,2023-10-12
1054,Amit Patel,Kochi,amit.patel1054@example.com,2023-11-25
1055,Karan Singh,Guwahati,karan.singh1055@example.com,2023-01-21
1056,Yash Desai,Nagpur,yash.desai1056@example.com,2023-06-11
1057,Manoj Das,Patna,manoj.das1057@example.com,2023-01-12
1058,Vivek Gupta,Kochi,vivek.gupta1058@example.com,2023-09-13
1059,Divya Desai,Lucknow,divya.desai1059@example.com,2023-09-22
1060,Pooja Menon,Patna,pooja.menon1060@example.com,2023-11-17
1061,Simran Agarwal,Hyderabad,simran.agarwal1061@example.com,2023-09-27
1062,Isha Desai,Pune,isha.desai1062@example.com,2023-11-28
1063,Nisha Banerjee,Surat,nisha.banerjee1063@example.com,2023-12-23
1064,Divya Malhotra,Hyderabad,divya.malhotra1064@example.com,2023-09-22
1065,Lakshmi Joshi,Ranchi,lakshmi.joshi1065@example.com,2023-03-27
1066,Payal Singh,Indore,payal.singh1066@example.com,2023-06-27
1067,Ritu Khanna,Indore,ritu.khanna1067@example.com,2023-07-23
1068,Farhan Joshi,Visakhapatnam,farhan.joshi1068@example.com,2023-04-28
1069,Preeti Menon,Bhopal,preeti.menon1069@example.com,2023-09-18
1070,Aakash Singh,Surat,aakash.singh1070@example.com,2023-07-10
1071,Farhan Verma,Chennai,farhan.verma1071@example.com,2023-10-10
1072,Aditya Rao,Chennai,aditya.rao1072@example.com,2023-01-19
1073,Kavya Menon,Ahmedabad,kavya.menon1073@example.com,2023-01-18
1074,Yash Chopra,Kanpur,yash.chopra1074@example.com,2023-10-28
1075,Arjun Nair,Delhi,arjun.nair1075@example.com,2023-08-21
1076,Arjun Rao,Kolkata,arjun.rao1076@example.com,2023-06-28
1077,Rajesh Sinha,Kolkata,rajesh.sinha1077@example.com,2023-05-12
1078,Simran Iyer,Coimbatore,simran.iyer1078@example.com,2023-04-12
1079,Farhan Joshi,Chandigarh,farhan.joshi1079@example.com,2023-03-25
1080,Chetan Chauhan,Coimbatore,chetan.chauhan1080@example.com,2023-02-19
1081,Rahul Desai,Coimbatore,rahul.desai1081@example.com,2023-07-12
1082,Indira Verma,Ludhiana,indira.verma1082@example.com,2023-06-21
1083,Nikhil Kapoor,Pune,nikhil.kapoor1083@example.com,2023-04-10
1084,Rekha Fernandes,Guwahati,rekha.fernandes1084@example.com,2023-07-11
1085,Vivek Chopra,Delhi,vivek.chopra1085@example.com,2023-06-27
1086,Simran Rao,Ahmedabad,simran.rao1086@example.com,2023-09-17
1087,Arjun Verma,Ranchi,arjun.verma1087@example.com,2023-12-22
1088,Tara Fernandes,Visakhapatnam,tara.fernandes1088@example.com,2023-10-26
1089,Karan Sinha,Nagpur,karan.sinha1089@example.com,2023-05-22
1090,Arjun Rao,Ahmedabad,arjun.rao1090@example.com,2023-02-25
1091,Simran Desai,Delhi,simran.desai1091@example.com,2023-09-22
1092,Meera Gupta,Bhopal,meera.gupta1092@example.com,2023-09-23
1093,Indira Chauhan,Bengaluru,indira.chauhan1093@example.com,2023-03-25
1094,Yash Menon,Chandigarh,yash.menon1094@example.com,2023-07-28
1095,Pooja Pillai,Visakhapatnam,pooja.pillai1095@example.com,2023-12-26
1096,Rajesh Sinha,Mumbai,rajesh.sinha1096@example.com,2023-05-23
1097,Ritu Banerjee,Coimbatore,ritu.banerjee1097@example.com,2023-02-13
1098,Alok Kapoor,Nagpur,alok.kapoor1098@example.com,2023-06-21
1099,Pooja Joshi,Indore,pooja.joshi1099@example.com,2023-10-10
1100,Indira Mehta,Hyderabad,indira.mehta1100@example.com,2023-06-24
